Player,FG%,FGA,3P%,3PA,FT%,ORB,DRB,AST,STL,BLK,TOV,PTS,Hierarchical
Álex Abrines,0.357,0.18487394957983191,0.323,0.3106060606060606,0.923,0.037037037037037035,0.12612612612612611,0.056074766355140186,0.22727272727272727,0.07407407407407407,0.1,0.12747875354107646,1
Quincy Acy,0.222,0.046218487394957986,0.133,0.11363636363636365,0.7,0.05555555555555555,0.19819819819819823,0.07476635514018692,0.045454545454545456,0.14814814814814814,0.08,0.025495750708215293,2
Jaylen Adams,0.345,0.10504201680672269,0.338,0.16666666666666669,0.778,0.05555555555555555,0.12612612612612611,0.17757009345794392,0.18181818181818182,0.037037037037037035,0.16,0.0679886685552408,1
Steven Adams,0.595,0.3949579831932773,0,0,0.5,0.9074074074074074,0.4144144144144144,0.14953271028037385,0.6818181818181818,0.37037037037037035,0.33999999999999997,0.3711048158640226,3
Bam Adebayo,0.576,0.2184873949579832,0.2,0.015151515151515154,0.735,0.37037037037037035,0.4774774774774775,0.20560747663551404,0.40909090909090906,0.2962962962962963,0.3,0.22946175637393765,4
Deng Adel,0.306,0.050420168067226885,0.261,0.09090909090909091,1,0.037037037037037035,0.07207207207207207,0.028037383177570093,0.045454545454545456,0.07407407407407407,0.06,0.025495750708215293,1
DeVaughn Akoon-Purcell,0.3,0.02941176470588235,0,0.045454545454545456,0.5,0.018518518518518517,0.036036036036036036,0.08411214953271029,0.13636363636363635,0,0.06,0.005665722379603397,2
LaMarcus Aldridge,0.519,0.6554621848739496,0.238,0.03787878787878788,0.847,0.5740740740740741,0.5495495495495495,0.22429906542056074,0.22727272727272727,0.48148148148148145,0.36,0.5807365439093484,4
Rawle Alkins,0.333,0.13445378151260504,0.25,0.09090909090909091,0.667,0.20370370370370372,0.13513513513513514,0.12149532710280375,0.045454545454545456,0,0.16,0.0821529745042493,2
Grayson Allen,0.376,0.1680672268907563,0.323,0.196969696969697,0.75,0.018518518518518517,0.04504504504504505,0.06542056074766354,0.09090909090909091,0.07407407407407407,0.18,0.13597733711048157,1
Jarrett Allen,0.59,0.2689075630252101,0.133,0.045454545454545456,0.709,0.4444444444444444,0.5405405405405406,0.1308411214953271,0.22727272727272727,0.5555555555555555,0.26,0.2861189801699716,4
Kadeem Allen,0.461,0.2815126050420168,0.472,0.14393939393939395,0.778,0.07407407407407407,0.2072072072072072,0.3738317757009346,0.36363636363636365,0.07407407407407407,0.27999999999999997,0.2577903682719546,1
Al-Farouq Aminu,0.433,0.27731092436974786,0.343,0.26515151515151514,0.867,0.25925925925925924,0.5495495495495495,0.12149532710280375,0.36363636363636365,0.14814814814814814,0.18,0.24362606232294615,4
Justin Anderson,0.408,0.10924369747899158,0.312,0.12121212121212123,0.743,0.09259259259259259,0.11711711711711713,0.04672897196261683,0.22727272727272727,0.1111111111111111,0.1,0.0821529745042493,1
Kyle Anderson,0.543,0.23949579831932774,0.265,0.060606060606060615,0.578,0.20370370370370372,0.42342342342342343,0.28037383177570097,0.5909090909090908,0.3333333333333333,0.26,0.20396600566572237,4
Ryan Anderson,0.304,0.08823529411764704,0.225,0.12121212121212123,0.75,0.12962962962962962,0.12612612612612611,0.07476635514018692,0.09090909090909091,0,0.12,0.048158640226628885,2
Giannis Antetokounmpo,0.578,0.6974789915966387,0.256,0.21212121212121213,0.729,0.40740740740740744,0.927927927927928,0.5514018691588786,0.5909090909090908,0.5555555555555555,0.74,0.7620396600566571,5
Carmelo Anthony,0.405,0.4789915966386555,0.328,0.4848484848484849,0.682,0.16666666666666666,0.40540540540540543,0.04672897196261683,0.18181818181818182,0.25925925925925924,0.16,0.35694050991501414,6
OG Anunoby,0.453,0.2226890756302521,0.332,0.2272727272727273,0.581,0.16666666666666666,0.1891891891891892,0.06542056074766354,0.3181818181818181,0.1111111111111111,0.16,0.17563739376770537,1
Ryan Arcidiacono,0.447,0.18907563025210083,0.373,0.20454545454545456,0.873,0.05555555555555555,0.21621621621621623,0.308411214953271,0.36363636363636365,0,0.16,0.16713881019830026,1
Trevor Ariza,0.399,0.42016806722689076,0.334,0.4772727272727273,0.793,0.12962962962962962,0.42342342342342343,0.3457943925233645,0.5909090909090908,0.1111111111111111,0.3,0.33144475920679883,6
D.J. Augustin,0.47,0.3235294117647059,0.421,0.2878787878787879,0.866,0.09259259259259259,0.1801801801801802,0.4953271028037383,0.2727272727272727,0,0.32,0.30878186968838517,6
Deandre Ayton,0.585,0.4873949579831933,0,0.007575757575757577,0.746,0.5740740740740741,0.6396396396396397,0.16822429906542058,0.40909090909090906,0.3333333333333333,0.36,0.4390934844192634,4
Dwayne Bacon,0.475,0.2226890756302521,0.437,0.15151515151515152,0.739,0.037037037037037035,0.17117117117117117,0.10280373831775702,0.13636363636363635,0.037037037037037035,0.08,0.18413597733711046,1
Marvin Bagley,0.504,0.4495798319327731,0.313,0.11363636363636365,0.691,0.48148148148148145,0.45045045045045046,0.09345794392523366,0.22727272727272727,0.37037037037037035,0.32,0.3994334277620396,4
Ron Baker,0.2,0.02521008403361345,0.077,0.06818181818181819,0.833,0.018518518518518517,0.06306306306306306,0.09345794392523366,0.18181818181818182,0.037037037037037035,0.06,0.0028328611898016985,1
Wade Baldwin,0.303,0.05882352941176471,0.222,0.045454545454545456,0.727,0.018518518518518517,0.07207207207207207,0.07476635514018692,0.045454545454545456,0.037037037037037035,0.18,0.03116147308781869,1
Lonzo Ball,0.406,0.37815126050420167,0.329,0.37121212121212127,0.417,0.20370370370370372,0.3783783783783784,0.5046728971962617,0.6818181818181818,0.14814814814814814,0.44000000000000006,0.2577903682719546,6
Mo Bamba,0.481,0.18907563025210083,0.3,0.11363636363636365,0.587,0.25925925925925924,0.32432432432432434,0.07476635514018692,0.13636363636363635,0.5185185185185185,0.18,0.15297450424929177,1
J.J. Barea,0.418,0.3949579831932773,0.297,0.25757575757575757,0.705,0.05555555555555555,0.19819819819819823,0.5233644859813084,0.2727272727272727,0,0.38,0.2861189801699716,6
Harrison Barnes,0.42,0.5294117647058824,0.395,0.4318181818181819,0.824,0.12962962962962962,0.35135135135135137,0.14018691588785048,0.2727272727272727,0.07407407407407407,0.26,0.441926345609065,6
Will Barton,0.402,0.42016806722689076,0.342,0.34848484848484845,0.77,0.12962962962962962,0.35135135135135137,0.2710280373831776,0.18181818181818182,0.18518518518518517,0.3,0.30311614730878184,6
Keita Bates-Diop,0.423,0.1680672268907563,0.25,0.12878787878787878,0.643,0.09259259259259259,0.19819819819819823,0.056074766355140186,0.2727272727272727,0.18518518518518517,0.1,0.11898016997167138,1
Nicolas Batum,0.45,0.2857142857142857,0.389,0.30303030303030304,0.865,0.16666666666666666,0.38738738738738737,0.308411214953271,0.40909090909090906,0.2222222222222222,0.32,0.24079320113314445,1
Jerryd Bayless,0.357,0.25630252100840334,0.296,0.2196969696969697,0.571,0.05555555555555555,0.13513513513513514,0.3271028037383178,0.22727272727272727,0.037037037037037035,0.18,0.15014164305949007,1
Aron Baynes,0.471,0.15546218487394958,0.344,0.09090909090909091,0.855,0.31481481481481477,0.2702702702702703,0.10280373831775702,0.09090909090909091,0.25925925925925924,0.16,0.13597733711048157,1
Kent Bazemore,0.402,0.4033613445378152,0.32,0.34090909090909094,0.726,0.1111111111111111,0.2972972972972973,0.21495327102803738,0.5909090909090908,0.2222222222222222,0.36,0.3059490084985835,6
Bradley Beal,0.475,0.7941176470588236,0.351,0.5530303030303031,0.808,0.20370370370370372,0.35135135135135137,0.5140186915887851,0.6818181818181818,0.25925925925925924,0.54,0.7025495750708215,7
Malik Beasley,0.474,0.35294117647058826,0.402,0.3787878787878788,0.848,0.07407407407407407,0.1801801801801802,0.11214953271028037,0.3181818181818181,0.037037037037037035,0.13999999999999999,0.29745042492917845,1
Michael Beasley,0.49,0.2184873949579832,0.176,0.05303030303030303,0.718,0.09259259259259259,0.16216216216216217,0.09345794392523366,0.13636363636363635,0.14814814814814814,0.2,0.17563739376770537,1
Marco Belinelli,0.413,0.3361344537815126,0.372,0.3787878787878788,0.903,0.037037037037037035,0.2072072072072072,0.15887850467289721,0.18181818181818182,0.037037037037037035,0.18,0.27478753541076484,1
Jordan Bell,0.516,0.08823529411764704,0,0,0.61,0.14814814814814814,0.17117117117117117,0.10280373831775702,0.13636363636363635,0.2962962962962963,0.12,0.07082152974504248,1
DeAndre' Bembry,0.446,0.2857142857142857,0.289,0.15909090909090912,0.64,0.12962962962962962,0.33333333333333337,0.23364485981308414,0.5909090909090908,0.18518518518518517,0.33999999999999997,0.21529745042492918,1
Dragan Bender,0.447,0.15126050420168066,0.218,0.16666666666666669,0.593,0.12962962962962962,0.2882882882882883,0.11214953271028037,0.18181818181818182,0.18518518518518517,0.16,0.11898016997167138,1
Dāvis Bertāns,0.45,0.2226890756302521,0.429,0.33333333333333337,0.883,0.05555555555555555,0.2882882882882883,0.12149532710280375,0.22727272727272727,0.14814814814814814,0.12,0.20396600566572237,1
Patrick Beverley,0.407,0.22689075630252098,0.397,0.27272727272727276,0.78,0.18518518518518517,0.3603603603603604,0.35514018691588783,0.40909090909090906,0.2222222222222222,0.22000000000000003,0.19263456090651554,1
Khem Birch,0.603,0.09663865546218486,0,0,0.699,0.2962962962962963,0.19819819819819823,0.07476635514018692,0.18181818181818182,0.2222222222222222,0.08,0.11331444759206798,1
Nemanja Bjelica,0.479,0.29411764705882354,0.401,0.25,0.761,0.2962962962962963,0.36936936936936937,0.17757009345794392,0.3181818181818181,0.25925925925925924,0.22000000000000003,0.2492917847025495,4
Antonio Blakeney,0.419,0.2605042016806723,0.396,0.12121212121212123,0.658,0.018518518518518517,0.15315315315315314,0.06542056074766354,0.09090909090909091,0.07407407407407407,0.12,0.18413597733711046,1
Eric Bledsoe,0.484,0.4915966386554622,0.329,0.36363636363636365,0.75,0.20370370370370372,0.32432432432432434,0.5140186915887851,0.6818181818181818,0.14814814814814814,0.42000000000000004,0.4277620396600566,6
Jaron Blossomgame,0.443,0.13445378151260504,0.256,0.10606060606060606,0.769,0.18518518518518517,0.24324324324324326,0.04672897196261683,0.13636363636363635,0.1111111111111111,0.08,0.09631728045325778,1
Bogdan Bogdanović,0.418,0.4873949579831933,0.36,0.40151515151515155,0.827,0.1111111111111111,0.26126126126126126,0.35514018691588783,0.45454545454545453,0.07407407407407407,0.33999999999999997,0.376770538243626,6
Bojan Bogdanović,0.497,0.5168067226890757,0.425,0.36363636363636365,0.807,0.07407407407407407,0.33333333333333337,0.1869158878504673,0.40909090909090906,0,0.33999999999999997,0.4872521246458923,6
Jonah Bolden,0.494,0.12605042016806722,0.354,0.16666666666666669,0.481,0.20370370370370372,0.24324324324324326,0.08411214953271029,0.18181818181818182,0.3333333333333333,0.16,0.11048158640226628,1
Isaac Bonga,0.152,0.03361344537815126,0,0.030303030303030307,0.6,0.07407407407407407,0.06306306306306306,0.06542056074766354,0.18181818181818182,0.07407407407407407,0.06,0.0028328611898016985,2
Devin Booker,0.467,0.7941176470588236,0.326,0.49242424242424243,0.866,0.1111111111111111,0.3153153153153153,0.6355140186915889,0.40909090909090906,0.07407407407407407,0.82,0.7308781869688384,7
Chris Boucher,0.447,0.08403361344537814,0.324,0.0984848484848485,0.867,0.1111111111111111,0.12612612612612611,0.009345794392523366,0.09090909090909091,0.3333333333333333,0.06,0.07082152974504248,1
Avery Bradley,0.408,0.37815126050420167,0.351,0.29545454545454547,0.86,0.12962962962962962,0.1891891891891892,0.22429906542056074,0.3181818181818181,0.1111111111111111,0.27999999999999997,0.2577903682719546,1
Corey Brewer,0.431,0.13865546218487393,0.318,0.10606060606060606,0.721,0.14814814814814814,0.14414414414414414,0.12149532710280375,0.45454545454545453,0.07407407407407407,0.12,0.11614730878186968,1
Mikal Bridges,0.43,0.2605042016806723,0.335,0.2878787878787879,0.805,0.12962962962962962,0.22522522522522523,0.19626168224299068,0.7272727272727273,0.18518518518518517,0.18,0.21246458923512748,6
Miles Bridges,0.464,0.23949579831932774,0.325,0.1893939393939394,0.753,0.14814814814814814,0.2882882882882883,0.11214953271028037,0.3181818181818181,0.2222222222222222,0.12,0.18980169971671387,1
Isaiah Briscoe,0.399,0.1176470588235294,0.324,0.06818181818181819,0.577,0.018518518518518517,0.16216216216216217,0.20560747663551404,0.13636363636363635,0.037037037037037035,0.16,0.07648725212464588,2
Ryan Broekhoff,0.452,0.09663865546218486,0.409,0.16666666666666669,0.789,0.037037037037037035,0.11711711711711713,0.04672897196261683,0.045454545454545456,0.037037037037037035,0.08,0.09065155807365438,1
Malcolm Brogdon,0.505,0.4621848739495798,0.426,0.2878787878787879,0.928,0.18518518518518517,0.3153153153153153,0.2990654205607477,0.3181818181818181,0.07407407407407407,0.27999999999999997,0.41926345609065147,6
Dillon Brooks,0.402,0.25630252100840334,0.375,0.16666666666666669,0.733,0.09259259259259259,0.10810810810810811,0.08411214953271029,0.2727272727272727,0.07407407407407407,0.22000000000000003,0.18980169971671387,1
MarShon Brooks,0.45,0.21428571428571427,0.278,0.14393939393939395,0.697,0.07407407407407407,0.09909909909909911,0.08411214953271029,0.13636363636363635,0.037037037037037035,0.13999999999999999,0.16430594900849857,1
Bruce Brown,0.398,0.14705882352941177,0.258,0.0984848484848485,0.75,0.1111111111111111,0.17117117117117117,0.11214953271028037,0.22727272727272727,0.18518518518518517,0.12,0.09915014164305948,1
Jaylen Brown,0.465,0.42016806722689076,0.344,0.28030303030303033,0.658,0.16666666666666666,0.3063063063063063,0.1308411214953271,0.40909090909090906,0.14814814814814814,0.26,0.3456090651558073,6
Lorenzo Brown,0.324,0.08403361344537814,0.214,0.08333333333333334,1,0.037037037037037035,0.0900900900900901,0.10280373831775702,0.22727272727272727,0.07407407407407407,0.12,0.036827195467422094,1
Sterling Brown,0.465,0.19747899159663865,0.361,0.1893939393939394,0.69,0.09259259259259259,0.24324324324324326,0.1308411214953271,0.18181818181818182,0.037037037037037035,0.16,0.15864022662889518,1
Troy Brown,0.415,0.15966386554621848,0.319,0.0984848484848485,0.681,0.12962962962962962,0.1891891891891892,0.14018691588785048,0.18181818181818182,0.037037037037037035,0.12,0.11331444759206798,1
Jalen Brunson,0.467,0.29411764705882354,0.348,0.1893939393939394,0.725,0.05555555555555555,0.1801801801801802,0.2990654205607477,0.22727272727272727,0.037037037037037035,0.24,0.24079320113314445,1
Thomas Bryant,0.616,0.2647058823529412,0.333,0.10606060606060606,0.781,0.2962962962962963,0.42342342342342343,0.12149532710280375,0.13636363636363635,0.3333333333333333,0.16,0.27478753541076484,1
Reggie Bullock,0.412,0.365546218487395,0.377,0.4696969696969697,0.859,0.05555555555555555,0.21621621621621623,0.1869158878504673,0.2727272727272727,0.07407407407407407,0.2,0.29745042492917845,1
Trey Burke,0.431,0.365546218487395,0.352,0.20454545454545456,0.831,0.09259259259259259,0.10810810810810811,0.25233644859813087,0.2727272727272727,0.037037037037037035,0.16,0.2861189801699716,1
Alec Burks,0.405,0.2815126050420168,0.363,0.196969696969697,0.823,0.09259259259259259,0.2882882882882883,0.1869158878504673,0.2727272727272727,0.1111111111111111,0.2,0.22662889518413595,1
Deonte Burton,0.402,0.07983193277310925,0.296,0.060606060606060615,0.667,0.018518518518518517,0.07207207207207207,0.028037383177570093,0.09090909090909091,0.1111111111111111,0.06,0.05099150141643059,2
Jimmy Butler,0.462,0.5546218487394958,0.347,0.2272727272727273,0.855,0.3518518518518518,0.3063063063063063,0.3738317757009346,0.8636363636363635,0.2222222222222222,0.3,0.5070821529745041,7
Bruno Caboclo,0.427,0.24789915966386553,0.369,0.2878787878787879,0.84,0.2222222222222222,0.3063063063063063,0.14018691588785048,0.18181818181818182,0.37037037037037035,0.22000000000000003,0.21246458923512748,1
José Calderón,0.375,0.07142857142857142,0.246,0.09090909090909091,0.818,0.037037037037037035,0.0900900900900901,0.21495327102803738,0.13636363636363635,0.037037037037037035,0.13999999999999999,0.04249291784702548,1
Kentavious Caldwell-Pope,0.43,0.35714285714285715,0.347,0.40151515151515155,0.867,0.1111111111111111,0.2072072072072072,0.12149532710280375,0.40909090909090906,0.07407407407407407,0.16,0.30028328611898014,1
Isaiah Canaan,0.39,0.20168067226890754,0.354,0.24242424242424246,0.792,0.037037037037037035,0.15315315315315314,0.2616822429906542,0.22727272727272727,0.037037037037037035,0.24,0.14730878186968838,1
DeMarre Carroll,0.395,0.3319327731092437,0.342,0.34848484848484845,0.76,0.18518518518518517,0.3783783783783784,0.12149532710280375,0.22727272727272727,0.037037037037037035,0.22000000000000003,0.291784702549575,6
Jevon Carter,0.303,0.1680672268907563,0.333,0.196969696969697,0.813,0.07407407407407407,0.11711711711711713,0.16822429906542058,0.3181818181818181,0.1111111111111111,0.16,0.10198300283286119,1
Vince Carter,0.419,0.2310924369747899,0.389,0.31818181818181823,0.712,0.07407407407407407,0.1891891891891892,0.10280373831775702,0.2727272727272727,0.14814814814814814,0.12,0.18696883852691218,1
Wendell Carter,0.485,0.3235294117647059,0.188,0.05303030303030303,0.795,0.37037037037037035,0.45045045045045046,0.16822429906542058,0.2727272727272727,0.48148148148148145,0.3,0.26912181303116145,4
Michael Carter-Williams,0.374,0.15546218487394958,0.263,0.10606060606060606,0.604,0.12962962962962962,0.16216216216216217,0.23364485981308414,0.3181818181818181,0.18518518518518517,0.13999999999999999,0.11331444759206798,1
Alex Caruso,0.445,0.2605042016806723,0.48,0.15151515151515152,0.797,0.14814814814814814,0.17117117117117117,0.28971962616822433,0.45454545454545453,0.14814814814814814,0.33999999999999997,0.2379603399433427,1
Omri Casspi,0.534,0.15966386554621848,0.349,0.09090909090909091,0.672,0.09259259259259259,0.24324324324324326,0.06542056074766354,0.2727272727272727,0.1111111111111111,0.12,0.15580736543909346,1
Willie Cauley-Stein,0.556,0.35294117647058826,0.5,0,0.551,0.40740740740740744,0.5495495495495495,0.22429906542056074,0.5454545454545454,0.2222222222222222,0.2,0.3144475920679886,4
Tyler Cavanaugh,0.3,0.008403361344537818,0.2,0.03787878787878788,1,0.05555555555555555,0.04504504504504505,0.009345794392523366,0,0,0.02,0,1
Tyson Chandler,0.616,0.046218487394957986,0,0,0.586,0.31481481481481477,0.35135135135135137,0.06542056074766354,0.18181818181818182,0.14814814814814814,0.16,0.06515580736543908,1
Wilson Chandler,0.418,0.19747899159663865,0.373,0.23484848484848486,0.72,0.16666666666666666,0.2972972972972973,0.14953271028037385,0.22727272727272727,0.14814814814814814,0.18,0.14730878186968838,1
Marquese Chriss,0.372,0.14705882352941177,0.222,0.12878787878787878,0.711,0.16666666666666666,0.21621621621621623,0.04672897196261683,0.18181818181818182,0.1111111111111111,0.16,0.09631728045325778,1
Gary Clark,0.331,0.09663865546218486,0.297,0.20454545454545456,1,0.09259259259259259,0.16216216216216217,0.03738317757009346,0.18181818181818182,0.18518518518518517,0.02,0.059490084985835676,1
Ian Clark,0.394,0.23949579831932774,0.327,0.25757575757575757,0.892,0.037037037037037035,0.11711711711711713,0.14953271028037385,0.18181818181818182,0.037037037037037035,0.2,0.16713881019830026,1
Jordan Clarkson,0.448,0.5840336134453782,0.324,0.4166666666666667,0.844,0.18518518518518517,0.2072072072072072,0.22429906542056074,0.3181818181818181,0.07407407407407407,0.33999999999999997,0.4532577903682719,6
John Collins,0.56,0.542016806722689,0.348,0.196969696969697,0.763,0.6666666666666666,0.5585585585585586,0.1869158878504673,0.18181818181818182,0.2222222222222222,0.4,0.5297450424929178,4
Zach Collins,0.473,0.18907563025210083,0.331,0.12121212121212123,0.746,0.25925925925925924,0.25225225225225223,0.08411214953271029,0.13636363636363635,0.3333333333333333,0.2,0.16430594900849857,1
Darren Collison,0.467,0.3361344537815126,0.407,0.196969696969697,0.832,0.09259259259259259,0.23423423423423426,0.5607476635514019,0.6363636363636362,0.037037037037037035,0.32,0.2946175637393767,6
Bonzie Colson,0.333,0.17647058823529413,0.238,0.196969696969697,0.889,0.18518518518518517,0.25225225225225223,0.03738317757009346,0.2727272727272727,0.037037037037037035,0.08,0.11614730878186968,1
Mike Conley,0.438,0.6428571428571429,0.364,0.4621212121212121,0.845,0.1111111111111111,0.25225225225225223,0.5981308411214954,0.5909090909090908,0.1111111111111111,0.38,0.575070821529745,7
Pat Connaughton,0.466,0.21008403361344538,0.33,0.25,0.725,0.18518518518518517,0.2882882882882883,0.1869158878504673,0.22727272727272727,0.14814814814814814,0.1,0.17280453257790368,1
Quinn Cook,0.465,0.2184873949579832,0.405,0.20454545454545456,0.769,0.05555555555555555,0.16216216216216217,0.14953271028037385,0.13636363636363635,0,0.13999999999999999,0.17280453257790368,1
DeMarcus Cousins,0.48,0.4915966386554622,0.274,0.24242424242424246,0.736,0.25925925925925924,0.6126126126126126,0.33644859813084116,0.5909090909090908,0.5555555555555555,0.48,0.4390934844192634,7
Robert Covington,0.431,0.4033613445378152,0.378,0.4848484848484849,0.764,0.14814814814814814,0.42342342342342343,0.12149532710280375,0.9545454545454545,0.48148148148148145,0.26,0.35410764872521244,6
Allen Crabbe,0.367,0.3361344537815126,0.378,0.4545454545454546,0.732,0.07407407407407407,0.2792792792792793,0.10280373831775702,0.22727272727272727,0.1111111111111111,0.22000000000000003,0.2492917847025495,1
Torrey Craig,0.442,0.17226890756302518,0.324,0.1893939393939394,0.7,0.2222222222222222,0.2072072072072072,0.09345794392523366,0.22727272727272727,0.2222222222222222,0.12,0.13881019830028327,1
Jamal Crawford,0.397,0.25630252100840334,0.332,0.24242424242424246,0.845,0.018518518518518517,0.10810810810810811,0.33644859813084116,0.22727272727272727,0.07407407407407407,0.3,0.20113314447592068,1
Mitch Creek,0.5,0.10504201680672269,0,0.030303030303030307,0.714,0.2222222222222222,0.10810810810810811,0.11214953271028037,0.18181818181818182,0,0.04,0.09631728045325778,1
Jae Crowder,0.399,0.3907563025210084,0.331,0.49242424242424243,0.721,0.14814814814814814,0.36936936936936937,0.15887850467289721,0.36363636363636365,0.14814814814814814,0.22000000000000003,0.3144475920679886,6
Dante Cunningham,0.475,0.07563025210084033,0.462,0.07575757575757576,0.778,0.14814814814814814,0.19819819819819823,0.07476635514018692,0.18181818181818182,0.07407407407407407,0.06,0.06232294617563739,1
Seth Curry,0.456,0.2352941176470588,0.45,0.25757575757575757,0.846,0.07407407407407407,0.11711711711711713,0.08411214953271029,0.22727272727272727,0.07407407407407407,0.16,0.20113314447592068,1
Stephen Curry,0.472,0.7857142857142857,0.437,0.8863636363636364,0.916,0.12962962962962962,0.42342342342342343,0.485981308411215,0.5909090909090908,0.14814814814814814,0.5599999999999999,0.7507082152974504,8
Troy Daniels,0.411,0.19747899159663865,0.381,0.2878787878787879,0.783,0.05555555555555555,0.10810810810810811,0.04672897196261683,0.22727272727272727,0.037037037037037035,0.1,0.15297450424929177,1
Anthony Davis,0.517,0.7394957983193278,0.331,0.196969696969697,0.794,0.5740740740740741,0.8018018018018018,0.36448598130841126,0.7272727272727273,0.8888888888888888,0.4,0.7110481586402265,5
Deyonta Davis,0.682,0.07142857142857142,0,0.007575757575757577,0.6,0.20370370370370372,0.26126126126126126,0.056074766355140186,0.13636363636363635,0.2222222222222222,0.06,0.09065155807365438,1
Ed Davis,0.616,0.12605042016806722,0,0,0.617,0.5,0.5315315315315315,0.07476635514018692,0.18181818181818182,0.14814814814814814,0.16,0.14164305949008496,1
Dewayne Dedmon,0.492,0.315126050420168,0.382,0.25757575757575757,0.814,0.2962962962962963,0.5315315315315315,0.1308411214953271,0.5,0.40740740740740744,0.26,0.2832861189801699,4
Sam Dekker,0.469,0.19747899159663865,0.306,0.0984848484848485,0.609,0.20370370370370372,0.1801801801801802,0.09345794392523366,0.36363636363636365,0.037037037037037035,0.1,0.15014164305949007,1
Matthew Dellavedova,0.405,0.18067226890756302,0.338,0.20454545454545456,0.808,0.018518518518518517,0.13513513513513514,0.35514018691588783,0.13636363636363635,0,0.27999999999999997,0.14447592067988668,1
Luol Deng,0.5,0.19747899159663865,0.318,0.15151515151515152,0.714,0.16666666666666666,0.21621621621621623,0.07476635514018692,0.3181818181818181,0.14814814814814814,0.12,0.17847025495750707,1
DeMar DeRozan,0.481,0.689075630252101,0.156,0.045454545454545456,0.83,0.12962962962962962,0.4774774774774775,0.5794392523364487,0.5,0.18518518518518517,0.52,0.5779036827195466,7
Marcus Derrickson,0.485,0.09663865546218486,0.5,0.13636363636363638,0.8,0.12962962962962962,0.04504504504504505,0.009345794392523366,0,0.037037037037037035,0.06,0.09631728045325778,1
Cheick Diallo,0.62,0.14705882352941177,0.25,0.007575757575757577,0.746,0.2222222222222222,0.3603603603603604,0.04672897196261683,0.22727272727272727,0.18518518518518517,0.16,0.14730878186968838,1
Hamidou Diallo,0.455,0.10504201680672269,0.167,0.03787878787878788,0.61,0.12962962962962962,0.10810810810810811,0.028037383177570093,0.18181818181818182,0.07407407407407407,0.1,0.0821529745042493,2
Gorgui Dieng,0.501,0.18067226890756302,0.339,0.05303030303030303,0.83,0.20370370370370372,0.2702702702702703,0.08411214953271029,0.2727272727272727,0.18518518518518517,0.16,0.15864022662889518,1
Spencer Dinwiddie,0.442,0.4831932773109244,0.335,0.4090909090909091,0.806,0.07407407407407407,0.1891891891891892,0.42990654205607476,0.2727272727272727,0.1111111111111111,0.44000000000000006,0.4532577903682719,6
Donte DiVincenzo,0.403,0.16386554621848737,0.265,0.23484848484848486,0.75,0.1111111111111111,0.16216216216216217,0.10280373831775702,0.22727272727272727,0.07407407407407407,0.13999999999999999,0.11614730878186968,1
Luka Dončić,0.427,0.6638655462184874,0.327,0.5378787878787878,0.713,0.2222222222222222,0.5945945945945946,0.5607476635514019,0.5,0.1111111111111111,0.6799999999999999,0.5779036827195466,7
Tyler Dorsey,0.405,0.20168067226890754,0.333,0.21212121212121213,0.623,0.1111111111111111,0.16216216216216217,0.11214953271028037,0.13636363636363635,0,0.12,0.15297450424929177,1
Damyean Dotson,0.415,0.3739495798319328,0.368,0.3560606060606061,0.745,0.09259259259259259,0.2792792792792793,0.16822429906542058,0.36363636363636365,0.037037037037037035,0.2,0.28045325779036817,1
PJ Dozier,0.381,0.1176470588235294,0.25,0.0984848484848485,0.5,0.18518518518518517,0.16216216216216217,0.07476635514018692,0.13636363636363635,0,0,0.0679886685552408,2
Goran Dragić,0.413,0.4747899159663866,0.348,0.34848484848484845,0.782,0.1111111111111111,0.22522522522522523,0.4485981308411215,0.36363636363636365,0.037037037037037035,0.4,0.36543909348441916,6
Andre Drummond,0.533,0.5294117647058824,0.132,0.03787878787878788,0.59,1,0.9189189189189189,0.1308411214953271,0.7727272727272726,0.6296296296296295,0.44000000000000006,0.4674220963172804,3
Jared Dudley,0.423,0.14285714285714282,0.351,0.196969696969697,0.696,0.1111111111111111,0.1891891891891892,0.1308411214953271,0.2727272727272727,0.1111111111111111,0.13999999999999999,0.11614730878186968,1
Kris Dunn,0.425,0.4327731092436975,0.354,0.15909090909090912,0.797,0.07407407407407407,0.33333333333333337,0.5607476635514019,0.6818181818181818,0.18518518518518517,0.45999999999999996,0.29745042492917845,6
Kevin Durant,0.521,0.7142857142857143,0.353,0.3787878787878788,0.885,0.07407407407407407,0.5315315315315315,0.5514018691588786,0.3181818181818181,0.40740740740740744,0.58,0.7138810198300283,7
Henry Ellenson,0.411,0.18067226890756302,0.447,0.15151515151515152,0.76,0.05555555555555555,0.2882882882882883,0.07476635514018692,0.18181818181818182,0.037037037037037035,0.1,0.14730878186968838,1
Wayne Ellington,0.403,0.3319327731092437,0.371,0.5303030303030303,0.796,0.05555555555555555,0.16216216216216217,0.1308411214953271,0.45454545454545453,0.037037037037037035,0.16,0.26912181303116145,1
Joel Embiid,0.484,0.7563025210084033,0.3,0.3106060606060606,0.804,0.4629629629629629,1,0.3457943925233645,0.3181818181818181,0.7037037037037036,0.7,0.7563739376770537,5
James Ennis,0.469,0.18487394957983191,0.353,0.20454545454545456,0.716,0.18518518518518517,0.1891891891891892,0.06542056074766354,0.3181818181818181,0.14814814814814814,0.12,0.16713881019830026,1
Jacob Evans,0.34,0.046218487394957986,0.267,0.03787878787878788,0,0.037037037037037035,0.05405405405405406,0.07476635514018692,0.09090909090909091,0.037037037037037035,0.08,0.014164305949008497,2
Tyreke Evans,0.389,0.3739495798319328,0.356,0.23484848484848486,0.719,0.09259259259259259,0.21621621621621623,0.22429906542056074,0.36363636363636365,0.1111111111111111,0.33999999999999997,0.2662889518413597,6
Dante Exum,0.419,0.21008403361344538,0.29,0.11363636363636365,0.791,0.07407407407407407,0.10810810810810811,0.2429906542056075,0.13636363636363635,0.037037037037037035,0.24,0.17280453257790368,1
Kenneth Faried,0.589,0.27310924369747897,0.32,0.05303030303030303,0.646,0.48148148148148145,0.36936936936936937,0.04672897196261683,0.22727272727272727,0.2222222222222222,0.18,0.27195467422096314,1
Derrick Favors,0.586,0.3109243697478991,0.218,0.07575757575757576,0.675,0.5,0.4144144144144144,0.11214953271028037,0.3181818181818181,0.5185185185185185,0.22000000000000003,0.3116147308781869,4
Cristiano Felício,0.531,0.09663865546218486,0,0.007575757575757577,0.685,0.24074074074074073,0.2072072072072072,0.056074766355140186,0.09090909090909091,0.037037037037037035,0.12,0.09065155807365438,1
Raymond Felton,0.407,0.14285714285714282,0.328,0.13636363636363638,0.923,0.018518518518518517,0.08108108108108109,0.14953271028037385,0.13636363636363635,0.07407407407407407,0.08,0.09915014164305948,1
Terrance Ferguson,0.429,0.21428571428571427,0.366,0.29545454545454547,0.725,0.07407407407407407,0.13513513513513514,0.09345794392523366,0.22727272727272727,0.07407407407407407,0.12,0.17280453257790368,1
Yogi Ferrell,0.435,0.18067226890756302,0.362,0.15909090909090912,0.896,0.037037037037037035,0.12612612612612611,0.17757009345794392,0.22727272727272727,0.037037037037037035,0.12,0.14447592067988668,1
Dorian Finney-Smith,0.432,0.24369747899159663,0.311,0.23484848484848486,0.709,0.31481481481481477,0.2792792792792793,0.11214953271028037,0.40909090909090906,0.14814814814814814,0.18,0.18980169971671387,1
Bryn Forbes,0.456,0.3739495798319328,0.426,0.3787878787878788,0.885,0.037037037037037035,0.24324324324324326,0.19626168224299068,0.22727272727272727,0,0.2,0.3116147308781869,1
Evan Fournier,0.438,0.5252100840336135,0.34,0.42424242424242425,0.806,0.09259259259259259,0.24324324324324326,0.33644859813084116,0.40909090909090906,0.037037037037037035,0.38,0.405099150141643,6
De'Aaron Fox,0.458,0.542016806722689,0.371,0.2196969696969697,0.727,0.09259259259259259,0.2882882882882883,0.6822429906542057,0.7272727272727273,0.2222222222222222,0.5599999999999999,0.4674220963172804,7
Melvin Frazier,0.333,0.05882352941176471,0,0.045454545454545456,0.25,0.05555555555555555,0.018018018018018018,0.009345794392523366,0.045454545454545456,0,0.02,0.019830028328611894,2
Tim Frazier,0.444,0.15546218487394958,0.366,0.12878787878787878,0.759,0.12962962962962962,0.19819819819819823,0.39252336448598135,0.22727272727272727,0.037037037037037035,0.26,0.12747875354107646,1
Jimmer Fredette,0.276,0.17226890756302518,0,0.16666666666666669,1,0.037037037037037035,0.0900900900900901,0.12149532710280375,0.22727272727272727,0,0.16,0.0821529745042493,1
Channing Frye,0.368,0.10924369747899158,0.405,0.16666666666666669,0.786,0.018518518518518517,0.11711711711711713,0.056074766355140186,0.09090909090909091,0.037037037037037035,0.08,0.07932011331444758,1
Markelle Fultz,0.419,0.315126050420168,0.286,0.05303030303030303,0.568,0.25925925925925924,0.2072072072072072,0.28971962616822433,0.40909090909090906,0.1111111111111111,0.26,0.20963172804532573,1
Danilo Gallinari,0.463,0.5168067226890757,0.433,0.4166666666666667,0.904,0.14814814814814814,0.4774774774774775,0.2429906542056075,0.3181818181818181,0.1111111111111111,0.3,0.5382436260623229,6
Langston Galloway,0.388,0.27731092436974786,0.355,0.36363636363636365,0.844,0.1111111111111111,0.13513513513513514,0.10280373831775702,0.22727272727272727,0.037037037037037035,0.06,0.21529745042492918,1
Billy Garrett,0.407,0.25630252100840334,0,0.15151515151515152,1,0,0.07207207207207207,0.16822429906542058,0.13636363636363635,0.1111111111111111,0.1,0.16147308781869688,1
Marc Gasol,0.448,0.4327731092436975,0.363,0.26515151515151514,0.759,0.18518518518518517,0.6216216216216217,0.4112149532710281,0.5,0.40740740740740744,0.4,0.36260623229461747,7
Pau Gasol,0.447,0.1008403361344538,0.462,0.030303030303030307,0.7,0.12962962962962962,0.34234234234234234,0.15887850467289721,0.09090909090909091,0.18518518518518517,0.1,0.08781869688385267,1
Rudy Gay,0.504,0.4243697478991597,0.402,0.20454545454545456,0.816,0.16666666666666666,0.5315315315315315,0.2429906542056075,0.36363636363636365,0.18518518518518517,0.33999999999999997,0.36543909348441916,4
Paul George,0.438,0.8529411764705882,0.386,0.7424242424242425,0.839,0.25925925925925924,0.6126126126126126,0.38317757009345793,1,0.14814814814814814,0.54,0.7705382436260622,8
Taj Gibson,0.566,0.29411764705882354,0.324,0.03787878787878788,0.757,0.4629629629629629,0.36936936936936937,0.11214953271028037,0.36363636363636365,0.2222222222222222,0.2,0.2832861189801699,1
Harry Giles,0.503,0.2226890756302521,0,0.007575757575757577,0.637,0.20370370370370372,0.24324324324324326,0.14018691588785048,0.22727272727272727,0.14814814814814814,0.26,0.17563739376770537,1
Shai Gilgeous-Alexander,0.476,0.3361344537815126,0.367,0.12878787878787878,0.8,0.12962962962962962,0.1891891891891892,0.308411214953271,0.5454545454545454,0.18518518518518517,0.33999999999999997,0.2832861189801699,1
Brandon Goodwin,0.261,0.02941176470588235,0.333,0.030303030303030307,0.818,0.018518518518518517,0.009009009009009009,0.08411214953271029,0,0,0.04,0.016997167138810193,1
Aaron Gordon,0.449,0.5336134453781513,0.349,0.33333333333333337,0.731,0.31481481481481477,0.5135135135135136,0.3457943925233645,0.3181818181818181,0.25925925925925924,0.42000000000000004,0.4305949008498583,7
Eric Gordon,0.409,0.5504201680672269,0.36,0.6666666666666667,0.783,0.05555555555555555,0.17117117117117117,0.17757009345794392,0.2727272727272727,0.14814814814814814,0.26,0.4362606232294617,6
Devonte' Graham,0.343,0.1680672268907563,0.281,0.196969696969697,0.761,0.037037037037037035,0.10810810810810811,0.2429906542056075,0.22727272727272727,0,0.13999999999999999,0.11048158640226628,1
Treveon Graham,0.335,0.20168067226890754,0.297,0.28030303030303033,0.818,0.12962962962962962,0.21621621621621623,0.09345794392523366,0.18181818181818182,0.07407407407407407,0.1,0.12747875354107646,1
Jerami Grant,0.497,0.4033613445378152,0.392,0.28030303030303033,0.71,0.2222222222222222,0.3603603603603604,0.09345794392523366,0.36363636363636365,0.48148148148148145,0.16,0.36260623229461747,4
Jerian Grant,0.418,0.12605042016806722,0.364,0.13636363636363638,0.65,0.05555555555555555,0.11711711711711713,0.2429906542056075,0.3181818181818181,0.037037037037037035,0.18,0.09631728045325778,1
Danny Green,0.465,0.3025210084033613,0.455,0.4090909090909091,0.841,0.14814814814814814,0.2882882882882883,0.14953271028037385,0.40909090909090906,0.25925925925925924,0.18,0.26912181303116145,6
Draymond Green,0.445,0.23949579831932774,0.285,0.1893939393939394,0.692,0.16666666666666666,0.5765765765765766,0.6448598130841122,0.6363636363636362,0.40740740740740744,0.52,0.18696883852691218,7
Gerald Green,0.4,0.3025210084033613,0.354,0.4545454545454546,0.838,0.07407407407407407,0.1891891891891892,0.04672897196261683,0.22727272727272727,0.14814814814814814,0.16,0.2379603399433427,1
JaMychal Green,0.483,0.27731092436974786,0.403,0.20454545454545456,0.792,0.2962962962962963,0.42342342342342343,0.07476635514018692,0.3181818181818181,0.18518518518518517,0.26,0.24362606232294615,4
Jeff Green,0.475,0.3445378151260505,0.347,0.31818181818181823,0.888,0.12962962962962962,0.2972972972972973,0.16822429906542058,0.2727272727272727,0.18518518518518517,0.26,0.32577903682719545,6
Blake Griffin,0.462,0.7226890756302521,0.362,0.5303030303030303,0.753,0.24074074074074073,0.5585585585585586,0.5046728971962617,0.3181818181818181,0.14814814814814814,0.6799999999999999,0.6713881019830027,7
Daniel Hamilton,0.383,0.10504201680672269,0.348,0.09090909090909091,0.5,0.09259259259259259,0.17117117117117117,0.11214953271028037,0.13636363636363635,0.037037037037037035,0.16,0.06232294617563739,2
Dusty Hannahs,0.25,0.2226890756302521,0,0.1893939393939394,1,0,0.04504504504504505,0.23364485981308414,0.22727272727272727,0,0.1,0.09065155807365438,1
Tim Hardaway,0.393,0.6134453781512605,0.34,0.5530303030303031,0.841,0.09259259259259259,0.26126126126126126,0.22429906542056074,0.36363636363636365,0.037037037037037035,0.32,0.490084985835694,6
James Harden,0.442,1,0.368,1,0.879,0.14814814814814814,0.5225225225225225,0.7009345794392524,0.9090909090909091,0.25925925925925924,1,1,8
Maurice Harkless,0.487,0.24369747899159663,0.275,0.15151515151515152,0.671,0.24074074074074073,0.2882882882882883,0.11214953271028037,0.5,0.3333333333333333,0.16,0.19546742209631726,1
Montrezl Harrell,0.615,0.4243697478991597,0.176,0.015151515151515154,0.643,0.40740740740740744,0.38738738738738737,0.1869158878504673,0.40909090909090906,0.48148148148148145,0.32,0.4475920679886685,4
Devin Harris,0.38,0.18487394957983191,0.31,0.2196969696969697,0.761,0.037037037037037035,0.13513513513513514,0.16822429906542058,0.22727272727272727,0.07407407407407407,0.16,0.15580736543909346,1
Gary Harris,0.424,0.4411764705882353,0.339,0.31818181818181823,0.799,0.12962962962962962,0.1891891891891892,0.20560747663551404,0.45454545454545453,0.1111111111111111,0.24,0.3427762039660056,6
Joe Harris,0.5,0.3823529411764706,0.474,0.38636363636363635,0.827,0.12962962962962962,0.2792792792792793,0.22429906542056074,0.22727272727272727,0.07407407407407407,0.32,0.36543909348441916,6
Tobias Harris,0.487,0.6134453781512605,0.397,0.36363636363636365,0.866,0.14814814814814814,0.6306306306306306,0.2616822429906542,0.2727272727272727,0.18518518518518517,0.36,0.5439093484419263,6
Andrew Harrison,0.302,0.1008403361344538,0.2,0.11363636363636365,0.944,0.07407407407407407,0.07207207207207207,0.1308411214953271,0.09090909090909091,0.037037037037037035,0.13999999999999999,0.0679886685552408,1
Shaquille Harrison,0.432,0.21428571428571427,0.27,0.09090909090909091,0.667,0.09259259259259259,0.23423423423423426,0.17757009345794392,0.5454545454545454,0.14814814814814814,0.16,0.16147308781869688,1
Josh Hart,0.407,0.2605042016806723,0.336,0.3106060606060606,0.688,0.09259259259259259,0.2882882882882883,0.1308411214953271,0.45454545454545453,0.2222222222222222,0.18,0.19830028328611896,1
Isaiah Hartenstein,0.488,0.03361344537815126,0.333,0.015151515151515154,0.786,0.14814814814814814,0.08108108108108109,0.04672897196261683,0.13636363636363635,0.14814814814814814,0.1,0.03116147308781869,1
Udonis Haslem,0.333,0.10924369747899158,0,0.09090909090909091,0.75,0.05555555555555555,0.21621621621621623,0.01869158878504673,0,0,0.06,0.048158640226628885,2
Gordon Hayward,0.466,0.3403361344537816,0.333,0.24242424242424246,0.834,0.12962962962962962,0.34234234234234234,0.31775700934579443,0.40909090909090906,0.1111111111111111,0.3,0.30311614730878184,1
John Henson,0.463,0.17226890756302518,0.355,0.16666666666666669,0.6,0.20370370370370372,0.35135135135135137,0.09345794392523366,0.22727272727272727,0.2962962962962963,0.18,0.13597733711048157,1
Juan Hernangómez,0.439,0.15966386554621848,0.365,0.196969696969697,0.767,0.16666666666666666,0.26126126126126126,0.07476635514018692,0.18181818181818182,0.1111111111111111,0.1,0.14164305949008496,1
Willy Hernangómez,0.519,0.18487394957983191,0.385,0.05303030303030303,0.694,0.37037037037037035,0.2972972972972973,0.09345794392523366,0.13636363636363635,0.1111111111111111,0.2,0.18413597733711046,1
Mario Hezonja,0.412,0.3067226890756302,0.276,0.196969696969697,0.763,0.09259259259259259,0.32432432432432434,0.14018691588785048,0.45454545454545453,0.037037037037037035,0.3,0.22662889518413595,1
Buddy Hield,0.458,0.6680672268907564,0.427,0.5984848484848485,0.886,0.24074074074074073,0.33333333333333337,0.23364485981308414,0.3181818181818181,0.14814814814814814,0.36,0.5637393767705381,6
Haywood Highsmith,0.4,0.0546218487394958,0.2,0.07575757575757576,0,0,0.0900900900900901,0.03738317757009346,0.09090909090909091,0,0.04,0.028328611898016994,2
Nenê Hilário,0.517,0.08823529411764704,0,0.007575757575757577,0.66,0.14814814814814814,0.1891891891891892,0.056074766355140186,0.18181818181818182,0.14814814814814814,0.06,0.07932011331444758,1
George Hill,0.452,0.2352941176470588,0.314,0.196969696969697,0.824,0.12962962962962962,0.16216216216216217,0.21495327102803738,0.40909090909090906,0.037037037037037035,0.18,0.19263456090651554,1
Solomon Hill,0.382,0.13865546218487393,0.317,0.17424242424242423,0.719,0.14814814814814814,0.2072072072072072,0.12149532710280375,0.22727272727272727,0.07407407407407407,0.13999999999999999,0.09915014164305948,1
Aaron Holiday,0.401,0.18907563025210083,0.339,0.1893939393939394,0.82,0.018518518518518517,0.10810810810810811,0.15887850467289721,0.18181818181818182,0.1111111111111111,0.16,0.14447592067988668,1
Jrue Holiday,0.472,0.6974789915966387,0.325,0.4090909090909091,0.768,0.20370370370370372,0.35135135135135137,0.7196261682242991,0.7272727272727273,0.2962962962962963,0.62,0.5779036827195466,7
Justin Holiday,0.386,0.3697478991596639,0.348,0.4318181818181819,0.896,0.1111111111111111,0.3063063063063063,0.16822429906542058,0.6818181818181818,0.14814814814814814,0.26,0.27478753541076484,6
Rondae Hollis-Jefferson,0.411,0.319327731092437,0.184,0.060606060606060615,0.645,0.25925925925925924,0.34234234234234234,0.14953271028037385,0.3181818181818181,0.18518518518518517,0.24,0.22946175637393765,1
Rodney Hood,0.435,0.3613445378151261,0.356,0.25,0.884,0.05555555555555555,0.16216216216216217,0.16822429906542058,0.36363636363636365,0.07407407407407407,0.16,0.2946175637393767,1
Al Horford,0.535,0.41596638655462187,0.36,0.2272727272727273,0.821,0.3333333333333333,0.45045045045045046,0.39252336448598135,0.40909090909090906,0.48148148148148145,0.3,0.36260623229461747,4
Danuel House,0.468,0.24369747899159663,0.416,0.34848484848484845,0.789,0.1111111111111111,0.26126126126126126,0.09345794392523366,0.22727272727272727,0.1111111111111111,0.18,0.24362606232294615,1
Kevin Huerter,0.419,0.3403361344537816,0.385,0.3560606060606061,0.732,0.14814814814814814,0.22522522522522523,0.2710280373831776,0.40909090909090906,0.1111111111111111,0.3,0.25212464589235123,6
R.J. Hunter,0.462,0.5168067226890757,0.4,0.7575757575757576,0.5,0.18518518518518517,0.1801801801801802,0.28037383177570097,0.45454545454545453,0,0,0.4589235127478753,6
Chandler Hutchison,0.459,0.17226890756302518,0.28,0.08333333333333334,0.605,0.12962962962962962,0.3153153153153153,0.07476635514018692,0.22727272727272727,0.037037037037037035,0.12,0.12464589235127478,1
Serge Ibaka,0.529,0.4705882352941177,0.29,0.17424242424242423,0.763,0.3888888888888889,0.5405405405405406,0.12149532710280375,0.18181818181818182,0.5185185185185185,0.3,0.4022662889518413,4
Andre Iguodala,0.5,0.15546218487394958,0.333,0.15909090909090912,0.582,0.12962962962962962,0.2702702702702703,0.2990654205607477,0.40909090909090906,0.2962962962962963,0.16,0.13881019830028327,1
Ersan İlyasova,0.438,0.21008403361344538,0.363,0.18181818181818182,0.824,0.25925925925925924,0.2792792792792793,0.07476635514018692,0.22727272727272727,0.1111111111111111,0.13999999999999999,0.16997167138810196,1
Joe Ingles,0.448,0.3823529411764706,0.391,0.446969696969697,0.707,0.07407407407407407,0.32432432432432434,0.5327102803738318,0.5454545454545454,0.07407407407407407,0.48,0.320113314447592,6
Brandon Ingram,0.497,0.5588235294117647,0.33,0.13636363636363638,0.675,0.14814814814814814,0.38738738738738737,0.28037383177570097,0.22727272727272727,0.2222222222222222,0.5,0.4957507082152974,7
Kyrie Irving,0.487,0.7478991596638656,0.401,0.49242424242424243,0.873,0.20370370370370372,0.35135135135135137,0.6448598130841122,0.6818181818181818,0.18518518518518517,0.52,0.6515580736543909,7
Jonathan Isaac,0.429,0.3109243697478991,0.323,0.26515151515151514,0.815,0.24074074074074073,0.3783783783783784,0.10280373831775702,0.36363636363636365,0.48148148148148145,0.2,0.2492917847025495,4
Wesley Iwundu,0.412,0.13865546218487393,0.367,0.09090909090909091,0.816,0.09259259259259259,0.19819819819819823,0.10280373831775702,0.18181818181818182,0.1111111111111111,0.12,0.11898016997167138,1
Demetrius Jackson,0.533,0.07563025210084033,0.333,0.07575757575757576,1,0.05555555555555555,0.018018018018018018,0.07476635514018692,0.13636363636363635,0,0.04,0.0821529745042493,1
Frank Jackson,0.434,0.27731092436974786,0.314,0.21212121212121213,0.74,0.07407407407407407,0.16216216216216217,0.10280373831775702,0.18181818181818182,0,0.16,0.20679886685552404,1
Jaren Jackson,0.506,0.3991596638655462,0.359,0.18181818181818182,0.766,0.24074074074074073,0.3063063063063063,0.10280373831775702,0.40909090909090906,0.5185185185185185,0.33999999999999997,0.3682719546742209,4
Josh Jackson,0.413,0.41596638655462187,0.324,0.21212121212121213,0.671,0.14814814814814814,0.32432432432432434,0.21495327102803738,0.40909090909090906,0.25925925925925924,0.44000000000000006,0.30311614730878184,6
Justin Jackson,0.447,0.2226890756302521,0.355,0.2272727272727273,0.785,0.09259259259259259,0.1891891891891892,0.11214953271028037,0.18181818181818182,0.07407407407407407,0.08,0.18130311614730876,1
Reggie Jackson,0.421,0.5084033613445379,0.369,0.4318181818181819,0.864,0.09259259259259259,0.1891891891891892,0.39252336448598135,0.3181818181818181,0.037037037037037035,0.36,0.4135977337110481,6
LeBron James,0.51,0.8067226890756302,0.339,0.446969696969697,0.665,0.18518518518518517,0.6666666666666667,0.7757009345794393,0.5909090909090908,0.2222222222222222,0.72,0.753541076487252,7
John Jenkins,0.4,0.13865546218487393,0.379,0.16666666666666669,0.833,0.037037037037037035,0.10810810810810811,0.07476635514018692,0,0.037037037037037035,0.06,0.11048158640226628,1
Jonas Jerebko,0.459,0.17647058823529413,0.367,0.196969696969697,0.8,0.18518518518518517,0.2702702702702703,0.12149532710280375,0.18181818181818182,0.07407407407407407,0.12,0.15580736543909346,1
Alize Johnson,0.25,0.016806722689075636,0.5,0.007575757575757577,0.5,0.05555555555555555,0.09909909909909911,0.009345794392523366,0.045454545454545456,0.07407407407407407,0,0.0028328611898016985,2
Amir Johnson,0.503,0.1008403361344538,0.3,0.060606060606060615,0.756,0.16666666666666666,0.1801801801801802,0.11214953271028037,0.13636363636363635,0.1111111111111111,0.18,0.08781869688385267,1
B.J. Johnson,0.5,0.07983193277310925,0.429,0.07575757575757576,1,0.05555555555555555,0.08108108108108109,0,0.13636363636363635,0,0.06,0.07082152974504248,1
James Johnson,0.433,0.2605042016806723,0.336,0.20454545454545456,0.714,0.07407407407407407,0.25225225225225223,0.23364485981308414,0.2727272727272727,0.18518518518518517,0.26,0.19830028328611896,1
Stanley Johnson,0.389,0.25210084033613445,0.288,0.25,0.781,0.09259259259259259,0.25225225225225223,0.12149532710280375,0.40909090909090906,0.07407407407407407,0.24,0.17280453257790368,1
Tyler Johnson,0.413,0.35714285714285715,0.346,0.34848484848484845,0.748,0.1111111111111111,0.21621621621621623,0.2710280373831776,0.40909090909090906,0.18518518518518517,0.27999999999999997,0.2861189801699716,6
Wesley Johnson,0.352,0.1134453781512605,0.329,0.15151515151515152,0.684,0.05555555555555555,0.14414414414414414,0.056074766355140186,0.18181818181818182,0.1111111111111111,0.1,0.07365439093484417,1
Nikola Jokić,0.511,0.6050420168067226,0.307,0.25757575757575757,0.821,0.537037037037037,0.7207207207207208,0.6822429906542057,0.6363636363636362,0.25925925925925924,0.62,0.546742209631728,5
Derrick Jones,0.494,0.19747899159663865,0.308,0.11363636363636365,0.607,0.2962962962962963,0.21621621621621623,0.056074766355140186,0.36363636363636365,0.25925925925925924,0.13999999999999999,0.17563739376770537,1
Jalen Jones,0.419,0.13445378151260504,0.357,0.13636363636363638,0.704,0.12962962962962962,0.12612612612612611,0.03738317757009346,0.2727272727272727,0.037037037037037035,0.1,0.12181303116147307,1
Jemerrio Jones,0.364,0.20168067226890754,0.2,0.12878787878787878,0.5,0.5,0.4954954954954955,0.20560747663551404,0.5454545454545454,0.2962962962962963,0.16,0.10481586402266288,4
Terrence Jones,0.25,0.0546218487394958,0,0.07575757575757576,0,0,0.1801801801801802,0,0,0,0.1,0.005665722379603397,2
Tyus Jones,0.415,0.24789915966386553,0.317,0.14393939393939395,0.841,0.05555555555555555,0.14414414414414414,0.4485981308411215,0.5454545454545454,0.037037037037037035,0.13999999999999999,0.17280453257790368,1
Cory Joseph,0.412,0.25210084033613445,0.322,0.15909090909090912,0.698,0.09259259259259259,0.26126126126126126,0.36448598130841126,0.5,0.1111111111111111,0.2,0.16147308781869688,1
Frank Kaminsky,0.463,0.2352941176470588,0.36,0.2272727272727273,0.738,0.14814814814814814,0.23423423423423426,0.12149532710280375,0.13636363636363635,0.1111111111111111,0.18,0.22096317280453254,1
Enes Kanter,0.549,0.3991596638655462,0.294,0.03787878787878788,0.787,0.7037037037037036,0.5405405405405406,0.15887850467289721,0.22727272727272727,0.14814814814814814,0.36,0.36543909348441916,4
Luke Kennard,0.438,0.319327731092437,0.394,0.32575757575757575,0.836,0.037037037037037035,0.24324324324324326,0.16822429906542058,0.18181818181818182,0.07407407407407407,0.18,0.25212464589235123,1
Michael Kidd-Gilchrist,0.476,0.18907563025210083,0.34,0.05303030303030303,0.772,0.25925925925925924,0.22522522522522523,0.09345794392523366,0.22727272727272727,0.2222222222222222,0.13999999999999999,0.16713881019830026,1
Maxi Kleber,0.453,0.19747899159663865,0.353,0.23484848484848486,0.784,0.24074074074074073,0.3063063063063063,0.09345794392523366,0.22727272727272727,0.40740740740740744,0.16,0.16997167138810196,1
Brandon Knight,0.381,0.25210084033613445,0.318,0.25,0.794,0.05555555555555555,0.11711711711711713,0.16822429906542058,0.22727272727272727,0.037037037037037035,0.16,0.16997167138810196,1
Kevin Knox,0.37,0.4831932773109244,0.343,0.37121212121212127,0.717,0.14814814814814814,0.33333333333333337,0.10280373831775702,0.2727272727272727,0.1111111111111111,0.3,0.3399433427762039,6
Furkan Korkmaz,0.4,0.18487394957983191,0.326,0.2272727272727273,0.818,0.05555555555555555,0.17117117117117117,0.10280373831775702,0.2727272727272727,0,0.1,0.14164305949008496,1
Luke Kornet,0.378,0.2310924369747899,0.363,0.31818181818181823,0.826,0.1111111111111111,0.2072072072072072,0.11214953271028037,0.2727272727272727,0.3333333333333333,0.1,0.17563739376770537,1
Kyle Korver,0.416,0.2605042016806723,0.397,0.3787878787878788,0.822,0.018518518518518517,0.19819819819819823,0.11214953271028037,0.18181818181818182,0.07407407407407407,0.16,0.22096317280453254,1
Rodions Kurucs,0.45,0.2689075630252101,0.315,0.2196969696969697,0.783,0.16666666666666666,0.2702702702702703,0.07476635514018692,0.3181818181818181,0.14814814814814814,0.24,0.21813031161473087,1
Kyle Kuzma,0.456,0.6218487394957983,0.303,0.4545454545454546,0.752,0.16666666666666666,0.4144144144144144,0.23364485981308414,0.2727272727272727,0.14814814814814814,0.38,0.5070821529745041,6
Skal Labissière,0.531,0.06302521008403363,0.462,0.045454545454545456,0.529,0.07407407407407407,0.13513513513513514,0.04672897196261683,0.09090909090909091,0.1111111111111111,0.1,0.06232294617563739,1
Jeremy Lamb,0.44,0.4915966386554622,0.348,0.31818181818181823,0.888,0.14814814814814814,0.42342342342342343,0.20560747663551404,0.5,0.14814814814814814,0.2,0.4107648725212464,6
Zach LaVine,0.467,0.726890756302521,0.374,0.38636363636363635,0.832,0.1111111111111111,0.3603603603603604,0.42056074766355145,0.45454545454545453,0.14814814814814814,0.6799999999999999,0.6487252124645891,7
Jake Layman,0.509,0.2226890756302521,0.326,0.1893939393939394,0.704,0.14814814814814814,0.2072072072072072,0.06542056074766354,0.18181818181818182,0.14814814814814814,0.12,0.19263456090651554,1
T.J. Leaf,0.541,0.10504201680672269,0.258,0.03787878787878788,0.613,0.12962962962962962,0.12612612612612611,0.03738317757009346,0.09090909090909091,0.1111111111111111,0.04,0.08781869688385267,1
Courtney Lee,0.411,0.13025210084033612,0.291,0.12121212121212123,0.667,0.05555555555555555,0.11711711711711713,0.10280373831775702,0.2727272727272727,0.037037037037037035,0.08,0.09065155807365438,1
Damion Lee,0.441,0.13865546218487393,0.397,0.15909090909090912,0.864,0.05555555555555555,0.16216216216216217,0.03738317757009346,0.18181818181818182,0,0.06,0.11614730878186968,1
Walt Lemon,0.437,0.5798319327731093,0.4,0.060606060606060615,0.727,0.12962962962962962,0.34234234234234234,0.4672897196261683,0.8181818181818181,0.07407407407407407,0.33999999999999997,0.38243626062322944,7
Alex Len,0.494,0.3235294117647059,0.363,0.196969696969697,0.648,0.3888888888888889,0.3153153153153153,0.10280373831775702,0.18181818181818182,0.3333333333333333,0.26,0.291784702549575,1
Kawhi Leonard,0.496,0.7605042016806723,0.371,0.3787878787878788,0.854,0.24074074074074073,0.5405405405405406,0.308411214953271,0.8181818181818181,0.14814814814814814,0.4,0.7308781869688384,7
Meyers Leonard,0.545,0.13865546218487393,0.45,0.13636363636363638,0.843,0.14814814814814814,0.2702702702702703,0.11214953271028037,0.09090909090909091,0.037037037037037035,0.13999999999999999,0.14447592067988668,1
Jon Leuer,0.584,0.08823529411764704,0.091,0.022727272727272728,0.742,0.12962962962962962,0.15315315315315314,0.028037383177570093,0.13636363636363635,0.037037037037037035,0.12,0.08498583569405098,1
Caris LeVert,0.429,0.4789915966386555,0.312,0.29545454545454547,0.691,0.16666666666666666,0.26126126126126126,0.36448598130841126,0.5,0.14814814814814814,0.33999999999999997,0.36543909348441916,6
Damian Lillard,0.444,0.7773109243697479,0.369,0.6060606060606061,0.912,0.16666666666666666,0.34234234234234234,0.6448598130841122,0.5,0.14814814814814814,0.54,0.7082152974504249,7
Jeremy Lin,0.44,0.27731092436974786,0.294,0.1893939393939394,0.838,0.05555555555555555,0.1891891891891892,0.28971962616822433,0.2727272727272727,0.07407407407407407,0.33999999999999997,0.2492917847025495,1
Shaun Livingston,0.519,0.10924369747899158,0,0,0.784,0.12962962962962962,0.10810810810810811,0.16822429906542058,0.22727272727272727,0.14814814814814814,0.12,0.09065155807365438,1
Kevon Looney,0.625,0.15126050420168066,0.1,0.007575757575757577,0.619,0.4444444444444444,0.25225225225225223,0.14018691588785048,0.2727272727272727,0.25925925925925924,0.12,0.15580736543909346,1
Brook Lopez,0.452,0.37815126050420167,0.365,0.4772727272727273,0.842,0.07407407407407407,0.40540540540540543,0.11214953271028037,0.2727272727272727,0.8148148148148149,0.2,0.33144475920679883,4
Robin Lopez,0.568,0.27310924369747897,0.226,0.030303030303030307,0.724,0.3518518518518518,0.1801801801801802,0.11214953271028037,0.045454545454545456,0.40740740740740744,0.26,0.2464589235127478,1
Kevin Love,0.385,0.5126050420168068,0.361,0.5075757575757576,0.904,0.27777777777777773,0.8468468468468469,0.20560747663551404,0.13636363636363635,0.07407407407407407,0.38,0.4589235127478753,9
Kyle Lowry,0.411,0.4495798319327731,0.347,0.5303030303030303,0.83,0.1111111111111111,0.3783783783783784,0.8130841121495327,0.6363636363636362,0.18518518518518517,0.5599999999999999,0.3796033994334277,7
Jordan Loyd,0.444,0.03361344537815126,0.5,0.05303030303030303,0.818,0.018518518518518517,0.06306306306306306,0.04672897196261683,0,0,0.04,0.045325779036827184,1
Timothé Luwawu-Cabarrot,0.376,0.15546218487394958,0.31,0.17424242424242423,0.756,0.037037037037037035,0.15315315315315314,0.04672897196261683,0.18181818181818182,0.07407407407407407,0.08,0.10764872521246457,1
Tyler Lydon,0.5,0,0.4,0.030303030303030307,0.333,0.05555555555555555,0.036036036036036036,0.01869158878504673,0.045454545454545456,0,0.04,0.0028328611898016985,2
Trey Lyles,0.418,0.29411764705882354,0.255,0.23484848484848486,0.698,0.12962962962962962,0.2882882882882883,0.1308411214953271,0.22727272727272727,0.14814814814814814,0.22000000000000003,0.21813031161473087,1
Scott Machado,0.667,0.03361344537815126,1,0.022727272727272728,1,0,0,0.07476635514018692,0.13636363636363635,0,0,0.048158640226628885,10
Shelvin Mack,0.404,0.2689075630252101,0.354,0.17424242424242423,0.69,0.05555555555555555,0.13513513513513514,0.2990654205607477,0.36363636363636365,0.037037037037037035,0.24,0.18980169971671387,1
Daryl Macon,0.37,0.1134453781512605,0.455,0.10606060606060606,0.571,0.05555555555555555,0.11711711711711713,0.08411214953271029,0.045454545454545456,0,0.16,0.07932011331444758,2
Ian Mahinmi,0.452,0.1008403361344538,0.188,0.03787878787878788,0.689,0.25925925925925924,0.21621621621621623,0.06542056074766354,0.3181818181818181,0.18518518518518517,0.12,0.09348441926345608,1
Thon Maker,0.407,0.14705882352941177,0.32,0.18181818181818182,0.667,0.1111111111111111,0.22522522522522523,0.06542056074766354,0.13636363636363635,0.2962962962962963,0.1,0.11898016997167138,1
Boban Marjanović,0.615,0.15966386554621848,0.4,0.015151515151515154,0.748,0.27777777777777773,0.2792792792792793,0.08411214953271029,0.13636363636363635,0.18518518518518517,0.2,0.18413597733711046,1
Lauri Markkanen,0.43,0.6134453781512605,0.361,0.4848484848484849,0.872,0.25925925925925924,0.6846846846846847,0.1308411214953271,0.3181818181818181,0.2222222222222222,0.32,0.5070821529745041,6
Jarell Martin,0.413,0.07563025210084033,0.351,0.10606060606060606,0.818,0.05555555555555555,0.13513513513513514,0.03738317757009346,0.045454545454545456,0.07407407407407407,0.06,0.053824362606232294,1
Frank Mason,0.42,0.15546218487394958,0.219,0.12878787878787878,0.684,0.037037037037037035,0.0900900900900901,0.20560747663551404,0.18181818181818182,0.037037037037037035,0.18,0.12181303116147307,1
Wesley Matthews,0.4,0.3949579831932773,0.372,0.4393939393939394,0.81,0.09259259259259259,0.1801801801801802,0.21495327102803738,0.36363636363636365,0.07407407407407407,0.26,0.3229461756373937,1
Luc Mbah a Moute,0.444,0.15966386554621848,0.333,0.11363636363636365,0.4,0.09259259259259259,0.11711711711711713,0.04672897196261683,0.13636363636363635,0.1111111111111111,0.1,0.11898016997167138,2
Tahjere McCall,0.667,0.09663865546218486,0,0.07575757575757576,0,0,0.0900900900900901,0,0,0,0,0.09065155807365438,2
Patrick McCaw,0.413,0.06302521008403363,0.321,0.07575757575757576,0.867,0.037037037037037035,0.12612612612612611,0.09345794392523366,0.36363636363636365,0.037037037037037035,0.12,0.05099150141643059,1
CJ McCollum,0.459,0.7184873949579832,0.375,0.4848484848484849,0.828,0.16666666666666666,0.2792792792792793,0.28037383177570097,0.36363636363636365,0.14814814814814814,0.3,0.5722379603399432,6
T.J. McConnell,0.525,0.20168067226890754,0.333,0.045454545454545456,0.784,0.07407407407407407,0.17117117117117117,0.31775700934579443,0.45454545454545453,0.07407407407407407,0.24,0.15864022662889518,1
Doug McDermott,0.491,0.20168067226890754,0.408,0.20454545454545456,0.835,0.037037037037037035,0.10810810810810811,0.08411214953271029,0.09090909090909091,0.037037037037037035,0.1,0.18413597733711046,1
JaVale McGee,0.624,0.3277310924369748,0.083,0.015151515151515154,0.632,0.48148148148148145,0.4414414414414415,0.06542056074766354,0.2727272727272727,0.7407407407407407,0.27999999999999997,0.3172804532577903,4
Rodney McGruder,0.403,0.2647058823529412,0.351,0.25757575757575757,0.722,0.16666666666666666,0.24324324324324326,0.15887850467289721,0.22727272727272727,0.07407407407407407,0.2,0.19263456090651554,1
Alfonzo McKinnie,0.487,0.13025210084033612,0.356,0.12121212121212123,0.563,0.20370370370370372,0.2072072072072072,0.03738317757009346,0.13636363636363635,0.07407407407407407,0.08,0.11048158640226628,1
Ben McLemore,0.391,0.1134453781512605,0.415,0.16666666666666669,0.667,0.037037037037037035,0.06306306306306306,0.01869158878504673,0.13636363636363635,0.07407407407407407,0.06,0.08781869688385267,2
Jordan McRae,0.469,0.17226890756302518,0.286,0.0984848484848485,0.8,0.037037037037037035,0.11711711711711713,0.10280373831775702,0.22727272727272727,0.1111111111111111,0.12,0.14447592067988668,1
Jodie Meeks,0.538,0.17647058823529413,0.444,0.17424242424242423,1,0.018518518518518517,0.12612612612612611,0.09345794392523366,0.045454545454545456,0.037037037037037035,0.06,0.15864022662889518,1
Salah Mejri,0.491,0.1008403361344538,0.324,0.06818181818181819,0.625,0.18518518518518517,0.23423423423423426,0.09345794392523366,0.13636363636363635,0.25925925925925924,0.12,0.08781869688385267,1
De'Anthony Melton,0.391,0.18487394957983191,0.305,0.14393939393939395,0.75,0.09259259259259259,0.19819819819819823,0.2990654205607477,0.6363636363636362,0.18518518518518517,0.3,0.11898016997167138,1
Chimezie Metu,0.328,0.0546218487394958,0,0.007575757575757577,0.765,0.05555555555555555,0.08108108108108109,0.03738317757009346,0.09090909090909091,0.037037037037037035,0.1,0.028328611898016994,2
Khris Middleton,0.441,0.5966386554621849,0.378,0.4696969696969697,0.837,0.1111111111111111,0.4774774774774775,0.40186915887850466,0.45454545454545453,0.037037037037037035,0.45999999999999996,0.4957507082152974,6
C.J. Miles,0.36,0.2184873949579832,0.33,0.2878787878787879,0.828,0.037037037037037035,0.13513513513513514,0.06542056074766354,0.22727272727272727,0.1111111111111111,0.12,0.15864022662889518,1
Darius Miller,0.39,0.2647058823529412,0.365,0.40151515151515155,0.789,0.037037037037037035,0.15315315315315314,0.19626168224299068,0.2727272727272727,0.1111111111111111,0.18,0.20963172804532573,1
Malcolm Miller,0.423,0.07983193277310925,0.476,0.15909090909090912,0.75,0.018518518518518517,0.036036036036036036,0.009345794392523366,0.045454545454545456,0.037037037037037035,0.02,0.07648725212464588,1
Patty Mills,0.425,0.3109243697478991,0.394,0.37121212121212127,0.854,0.05555555555555555,0.17117117117117117,0.28037383177570097,0.2727272727272727,0.037037037037037035,0.22000000000000003,0.2577903682719546,1
Paul Millsap,0.484,0.3697478991596639,0.365,0.17424242424242423,0.727,0.40740740740740744,0.45045045045045046,0.1869158878504673,0.5454545454545454,0.2962962962962963,0.27999999999999997,0.33427762039660047,4
Shake Milton,0.391,0.15546218487394958,0.318,0.16666666666666669,0.714,0.09259259259259259,0.11711711711711713,0.08411214953271029,0.18181818181818182,0.14814814814814814,0.06,0.10198300283286119,1
Nikola Mirotić,0.439,0.4663865546218488,0.365,0.5227272727272728,0.847,0.24074074074074073,0.5495495495495495,0.11214953271028037,0.3181818181818181,0.25925925925925924,0.2,0.4079320113314447,6
Donovan Mitchell,0.432,0.8067226890756302,0.362,0.5075757575757576,0.806,0.14814814814814814,0.2972972972972973,0.39252336448598135,0.6363636363636362,0.14814814814814814,0.5599999999999999,0.6515580736543909,7
Naz Mitrou-Long,0.3,0.02941176470588235,0.182,0.060606060606060615,1,0.018518518518518517,0.036036036036036036,0.10280373831775702,0.045454545454545456,0.037037037037037035,0.12,0.0084985835694051,1
Malik Monk,0.387,0.3067226890756302,0.33,0.34090909090909094,0.882,0.037037037037037035,0.15315315315315314,0.14953271028037385,0.22727272727272727,0.1111111111111111,0.24,0.22946175637393765,1
Greg Monroe,0.487,0.15546218487394958,0.2,0.007575757575757577,0.625,0.2962962962962963,0.21621621621621623,0.056074766355140186,0.13636363636363635,0.07407407407407407,0.13999999999999999,0.12747875354107646,1
E'Twaun Moore,0.481,0.3907563025210084,0.432,0.25,0.763,0.12962962962962962,0.15315315315315314,0.17757009345794392,0.36363636363636365,0.07407407407407407,0.22000000000000003,0.3144475920679886,6
Jaylen Morris,0.4,0.07563025210084033,0.333,0.060606060606060615,0.5,0,0.11711711711711713,0.09345794392523366,0.22727272727272727,0,0.06,0.048158640226628885,2
Marcus Morris,0.447,0.44537815126050423,0.375,0.393939393939394,0.844,0.18518518518518517,0.45945945945945943,0.14018691588785048,0.2727272727272727,0.1111111111111111,0.24,0.3711048158640226,6
Markieff Morris,0.421,0.319327731092437,0.335,0.26515151515151514,0.772,0.20370370370370372,0.3153153153153153,0.1308411214953271,0.2727272727272727,0.14814814814814814,0.18,0.24362606232294615,1
Monte Morris,0.493,0.3319327731092437,0.414,0.21212121212121213,0.802,0.07407407407407407,0.17117117117117117,0.33644859813084116,0.40909090909090906,0,0.12,0.27195467422096314,1
Johnathan Motley,0.534,0.10924369747899158,0,0.007575757575757577,0.6,0.14814814814814814,0.13513513513513514,0.04672897196261683,0.09090909090909091,0.037037037037037035,0.13999999999999999,0.10764872521246457,1
Emmanuel Mudiay,0.446,0.4957983193277311,0.329,0.27272727272727276,0.774,0.1111111111111111,0.25225225225225223,0.36448598130841126,0.3181818181818181,0.1111111111111111,0.48,0.3966005665722379,6
Jamal Murray,0.437,0.6260504201680672,0.367,0.4166666666666667,0.848,0.16666666666666666,0.3063063063063063,0.4485981308411215,0.40909090909090906,0.14814814814814814,0.42000000000000004,0.4929178470254956,7
Džanan Musa,0.409,0.07142857142857142,0.1,0.08333333333333334,0,0.018518518518518517,0.036036036036036036,0.01869158878504673,0.09090909090909091,0,0.08,0.036827195467422094,2
Mike Muscala,0.402,0.20588235294117643,0.348,0.30303030303030304,0.824,0.16666666666666666,0.26126126126126126,0.11214953271028037,0.13636363636363635,0.2222222222222222,0.16,0.17563739376770537,1
Sviatoslav Mykhailiuk,0.329,0.10924369747899158,0.326,0.15909090909090912,0.6,0.037037037037037035,0.05405405405405406,0.08411214953271029,0.13636363636363635,0,0.1,0.0679886685552408,2
Abdel Nader,0.423,0.1176470588235294,0.32,0.12121212121212123,0.75,0.037037037037037035,0.15315315315315314,0.028037383177570093,0.13636363636363635,0.07407407407407407,0.08,0.09065155807365438,1
Larry Nance,0.52,0.2689075630252101,0.337,0.11363636363636365,0.716,0.4629629629629629,0.5135135135135136,0.2990654205607477,0.6818181818181818,0.2222222222222222,0.27999999999999997,0.24362606232294615,4
Shabazz Napier,0.389,0.29831932773109243,0.333,0.3106060606060606,0.833,0.05555555555555555,0.13513513513513514,0.2429906542056075,0.3181818181818181,0.1111111111111111,0.24,0.24362606232294615,1
Raul Neto,0.46,0.15546218487394958,0.333,0.12121212121212123,0.848,0.037037037037037035,0.13513513513513514,0.23364485981308414,0.18181818181818182,0.037037037037037035,0.18,0.12747875354107646,1
Georges Niang,0.475,0.1008403361344538,0.41,0.13636363636363638,0.833,0.037037037037037035,0.11711711711711713,0.056074766355140186,0.09090909090909091,0.037037037037037035,0.08,0.09065155807365438,1
Joakim Noah,0.516,0.18487394957983191,0,0,0.716,0.25925925925925924,0.38738738738738737,0.19626168224299068,0.22727272727272727,0.25925925925925924,0.24,0.17847025495750707,1
Dirk Nowitzki,0.359,0.2815126050420168,0.312,0.30303030303030304,0.78,0.018518518518518517,0.2702702702702703,0.06542056074766354,0.09090909090909091,0.14814814814814814,0.08,0.18413597733711046,1
Frank Ntilikina,0.337,0.24789915966386553,0.287,0.20454545454545456,0.767,0.05555555555555555,0.15315315315315314,0.2616822429906542,0.3181818181818181,0.1111111111111111,0.26,0.13881019830028327,1
James Nunnally,0.353,0.06722689075630252,0.32,0.12878787878787878,1,0,0.02702702702702703,0.04672897196261683,0.045454545454545456,0,0.02,0.045325779036827184,1
Jusuf Nurkić,0.508,0.453781512605042,0.103,0.030303030303030307,0.773,0.6296296296296295,0.6306306306306306,0.2990654205607477,0.45454545454545453,0.5185185185185185,0.45999999999999996,0.41926345609065147,4
David Nwaba,0.481,0.18487394957983191,0.32,0.11363636363636365,0.682,0.14814814814814814,0.21621621621621623,0.10280373831775702,0.3181818181818181,0.1111111111111111,0.12,0.16147308781869688,1
Royce O'Neale,0.475,0.14705882352941177,0.386,0.15909090909090912,0.762,0.05555555555555555,0.2882882882882883,0.14018691588785048,0.3181818181818181,0.1111111111111111,0.18,0.12464589235127478,1
Kyle O'Quinn,0.507,0.09663865546218486,0.083,0.022727272727272728,0.81,0.1111111111111111,0.1801801801801802,0.11214953271028037,0.09090909090909091,0.2222222222222222,0.13999999999999999,0.07648725212464588,1
Semi Ojeleye,0.424,0.08823529411764704,0.315,0.12121212121212123,0.615,0.07407407407407407,0.09909909909909911,0.03738317757009346,0.09090909090909091,0.037037037037037035,0.06,0.07082152974504248,2
Jahlil Okafor,0.586,0.22689075630252098,0.2,0.007575757575757577,0.663,0.25925925925925924,0.2972972972972973,0.06542056074766354,0.13636363636363635,0.25925925925925924,0.18,0.20963172804532573,1
Elie Okobo,0.393,0.20168067226890754,0.295,0.1893939393939394,0.787,0.037037037037037035,0.14414414414414414,0.22429906542056074,0.2727272727272727,0.037037037037037035,0.26,0.13881019830028327,1
Josh Okogie,0.386,0.2605042016806723,0.279,0.2196969696969697,0.728,0.1111111111111111,0.21621621621621623,0.11214953271028037,0.5454545454545454,0.14814814814814814,0.18,0.19546742209631726,1
Victor Oladipo,0.423,0.6554621848739496,0.343,0.4545454545454546,0.73,0.1111111111111111,0.45045045045045046,0.485981308411215,0.7727272727272726,0.1111111111111111,0.45999999999999996,0.5099150141643058,7
Kelly Olynyk,0.463,0.2689075630252101,0.354,0.30303030303030304,0.822,0.16666666666666666,0.34234234234234234,0.16822429906542058,0.3181818181818181,0.18518518518518517,0.27999999999999997,0.2606232294617563,6
Cedi Osman,0.427,0.4369747899159664,0.348,0.37121212121212127,0.779,0.1111111111111111,0.36936936936936937,0.2429906542056075,0.36363636363636365,0.037037037037037035,0.3,0.3456090651558073,6
Kelly Oubre,0.445,0.4831932773109244,0.32,0.37121212121212127,0.775,0.18518518518518517,0.33333333333333337,0.11214953271028037,0.5454545454545454,0.3333333333333333,0.3,0.4079320113314447,6
Zaza Pachulia,0.44,0.08823529411764704,0,0.007575757575757577,0.782,0.27777777777777773,0.21621621621621623,0.12149532710280375,0.22727272727272727,0.1111111111111111,0.16,0.08781869688385267,1
Jabari Parker,0.493,0.4621848739495798,0.313,0.2272727272727273,0.712,0.2222222222222222,0.4774774774774775,0.22429906542056074,0.3181818181818181,0.18518518518518517,0.48,0.3881019830028328,4
Tony Parker,0.46,0.319327731092437,0.255,0.06818181818181819,0.734,0.05555555555555555,0.10810810810810811,0.3457943925233645,0.18181818181818182,0.037037037037037035,0.26,0.2464589235127478,1
Chandler Parsons,0.374,0.27731092436974786,0.309,0.2878787878787879,0.88,0.037037037037037035,0.23423423423423426,0.15887850467289721,0.36363636363636365,0.07407407407407407,0.26,0.18980169971671387,1
Patrick Patterson,0.374,0.1176470588235294,0.336,0.16666666666666669,0.633,0.12962962962962962,0.15315315315315314,0.04672897196261683,0.13636363636363635,0.07407407407407407,0.06,0.07932011331444758,2
Justin Patton,0.286,0.06722689075630252,0,0.05303030303030303,0.5,0.12962962962962962,0.11711711711711713,0.09345794392523366,0.3181818181818181,0,0,0.025495750708215293,2
Chris Paul,0.419,0.4915966386554622,0.358,0.4621212121212121,0.862,0.1111111111111111,0.35135135135135137,0.7663551401869159,0.9090909090909091,0.1111111111111111,0.52,0.41926345609065147,7
Cameron Payne,0.43,0.20588235294117643,0.298,0.15909090909090912,0.805,0.05555555555555555,0.13513513513513514,0.25233644859813087,0.3181818181818181,0.07407407407407407,0.22000000000000003,0.15580736543909346,1
Elfrid Payton,0.434,0.3823529411764706,0.314,0.1893939393939394,0.743,0.2222222222222222,0.36936936936936937,0.7102803738317757,0.45454545454545453,0.14814814814814814,0.54,0.27762039660056653,6
Theo Pinson,0.342,0.14285714285714282,0.261,0.196969696969697,0.864,0.037037037037037035,0.16216216216216217,0.11214953271028037,0.13636363636363635,0,0.2,0.10481586402266288,1
Mason Plumlee,0.593,0.19747899159663865,0.2,0.007575757575757577,0.561,0.37037037037037035,0.39639639639639646,0.28037383177570097,0.36363636363636365,0.3333333333333333,0.3,0.19830028328611896,4
Quincy Pondexter,0.5,0.016806722689075636,0.333,0.022727272727272728,0.81,0.037037037037037035,0.06306306306306306,0.04672897196261683,0.09090909090909091,0,0.04,0.028328611898016994,1
Otto Porter,0.465,0.453781512605042,0.406,0.34848484848484845,0.813,0.18518518518518517,0.4144144144144144,0.19626168224299068,0.6818181818181818,0.2222222222222222,0.24,0.3711048158640226,6
Bobby Portis,0.444,0.5,0.393,0.2878787878787879,0.794,0.40740740740740744,0.5315315315315315,0.1308411214953271,0.3181818181818181,0.14814814814814814,0.3,0.3796033994334277,4
Dwight Powell,0.597,0.2352941176470588,0.307,0.12121212121212123,0.772,0.3333333333333333,0.3153153153153153,0.14018691588785048,0.2727272727272727,0.2222222222222222,0.18,0.27762039660056653,1
Norman Powell,0.483,0.25210084033613445,0.4,0.21212121212121213,0.827,0.05555555555555555,0.1891891891891892,0.14018691588785048,0.3181818181818181,0.07407407407407407,0.22000000000000003,0.22096317280453254,1
Alex Poythress,0.494,0.13445378151260504,0.391,0.08333333333333334,0.621,0.25925925925925924,0.19819819819819823,0.07476635514018692,0.09090909090909091,0.18518518518518517,0.12,0.12181303116147307,1
Ivan Rabb,0.547,0.15126050420168066,0.2,0.022727272727272728,0.71,0.25925925925925924,0.25225225225225223,0.10280373831775702,0.13636363636363635,0.1111111111111111,0.13999999999999999,0.14164305949008496,1
Chasson Randle,0.419,0.15546218487394958,0.4,0.17424242424242423,0.694,0.037037037037037035,0.08108108108108109,0.1869158878504673,0.22727272727272727,0.037037037037037035,0.18,0.13314447592067988,1
Julius Randle,0.524,0.5966386554621849,0.344,0.20454545454545456,0.731,0.40740740740740744,0.5855855855855856,0.28971962616822433,0.3181818181818181,0.2222222222222222,0.5599999999999999,0.58356940509915,7
J.J. Redick,0.44,0.5378151260504201,0.397,0.6060606060606061,0.894,0.05555555555555555,0.19819819819819823,0.25233644859813087,0.18181818181818182,0.07407407407407407,0.26,0.490084985835694,6
Cameron Reynolds,0.423,0.14285714285714282,0.412,0.20454545454545456,0.889,0.037037037037037035,0.12612612612612611,0.06542056074766354,0.13636363636363635,0.037037037037037035,0.06,0.11898016997167138,1
Josh Richardson,0.412,0.5630252100840336,0.357,0.4772727272727273,0.861,0.12962962962962962,0.26126126126126126,0.38317757009345793,0.5,0.18518518518518517,0.3,0.4475920679886685,7
Malachi Richardson,0.31,0.02521008403361345,0.32,0.08333333333333334,0.8,0.018518518518518517,0.04504504504504505,0,0,0,0.08,0.016997167138810193,1
Austin Rivers,0.406,0.2857142857142857,0.318,0.32575757575757575,0.526,0.05555555555555555,0.16216216216216217,0.20560747663551404,0.2727272727272727,0.1111111111111111,0.18,0.20679886685552404,1
Devin Robinson,0.594,0.16386554621848737,0,0.022727272727272728,0.643,0.16666666666666666,0.1801801801801802,0.08411214953271029,0.2727272727272727,0.3333333333333333,0.06,0.16713881019830026,1
Duncan Robinson,0.391,0.1008403361344538,0.286,0.17424242424242423,0.667,0.018518518518518517,0.09909909909909911,0.028037383177570093,0.13636363636363635,0,0.06,0.07082152974504248,2
Glenn Robinson,0.42,0.12605042016806722,0.29,0.0984848484848485,0.8,0.07407407407407407,0.09909909909909911,0.03738317757009346,0.13636363636363635,0.07407407407407407,0.08,0.09631728045325778,1
Jerome Robinson,0.4,0.10924369747899158,0.316,0.12878787878787878,0.667,0.018518518518518517,0.10810810810810811,0.056074766355140186,0.13636363636363635,0.037037037037037035,0.08,0.07365439093484417,2
Rajon Rondo,0.405,0.365546218487395,0.359,0.23484848484848486,0.639,0.12962962962962962,0.40540540540540543,0.7476635514018692,0.5454545454545454,0.07407407407407407,0.5599999999999999,0.2379603399433427,6
Derrick Rose,0.482,0.592436974789916,0.37,0.2196969696969697,0.856,0.1111111111111111,0.1891891891891892,0.40186915887850466,0.2727272727272727,0.07407407407407407,0.32,0.4872521246458923,6
Terrence Ross,0.428,0.5042016806722689,0.383,0.5303030303030303,0.875,0.05555555555555555,0.2792792792792793,0.15887850467289721,0.40909090909090906,0.14814814814814814,0.22000000000000003,0.405099150141643,6
Terry Rozier,0.387,0.3235294117647059,0.353,0.32575757575757575,0.785,0.07407407407407407,0.3153153153153153,0.2710280373831776,0.40909090909090906,0.1111111111111111,0.18,0.23229461756373934,1
Ricky Rubio,0.404,0.42016806722689076,0.311,0.28030303030303033,0.855,0.09259259259259259,0.2792792792792793,0.5700934579439252,0.5909090909090908,0.037037037037037035,0.52,0.33711048158640217,6
D'Angelo Russell,0.434,0.7563025210084033,0.369,0.5909090909090909,0.78,0.12962962962962962,0.2882882882882883,0.6542056074766356,0.5454545454545454,0.07407407407407407,0.62,0.575070821529745,7
Domantas Sabonis,0.59,0.3697478991596639,0.529,0.015151515151515154,0.715,0.4629629629629629,0.6126126126126126,0.2710280373831776,0.2727272727272727,0.14814814814814814,0.44000000000000006,0.376770538243626,4
Brandon Sampson,0.467,0.15126050420168066,0.379,0.15909090909090912,0.667,0.037037037037037035,0.08108108108108109,0.06542056074766354,0.2727272727272727,0.07407407407407407,0.18,0.12181303116147307,1
JaKarr Sampson,0.537,0.5378151260504201,0.357,0.26515151515151514,0.81,0.24074074074074073,0.6126126126126126,0.09345794392523366,0.45454545454545453,0.2962962962962963,0.2,0.5439093484419263,6
Dario Šarić,0.437,0.3319327731092437,0.365,0.30303030303030304,0.88,0.2962962962962963,0.36936936936936937,0.14953271028037385,0.2727272727272727,0.037037037037037035,0.24,0.27762039660056653,6
Tomáš Satoranský,0.485,0.24789915966386553,0.395,0.15151515151515152,0.819,0.18518518518518517,0.22522522522522523,0.4672897196261683,0.45454545454545453,0.07407407407407407,0.3,0.22946175637393765,1
Dennis Schröder,0.414,0.5588235294117647,0.341,0.34848484848484845,0.819,0.09259259259259259,0.2792792792792793,0.38317757009345793,0.36363636363636365,0.07407407407407407,0.44000000000000006,0.41643059490084977,6
Mike Scott,0.4,0.19327731092436973,0.401,0.24242424242424246,0.667,0.09259259259259259,0.26126126126126126,0.07476635514018692,0.13636363636363635,0.07407407407407407,0.12,0.14164305949008496,1
Thabo Sefolosha,0.477,0.09663865546218486,0.436,0.12121212121212123,0.636,0.037037037037037035,0.2072072072072072,0.04672897196261683,0.40909090909090906,0.037037037037037035,0.1,0.08498583569405098,1
Wayne Selden,0.406,0.23949579831932774,0.316,0.17424242424242423,0.728,0.09259259259259259,0.17117117117117117,0.14018691588785048,0.18181818181818182,0.07407407407407407,0.22000000000000003,0.17280453257790368,1
Collin Sexton,0.43,0.5882352941176471,0.402,0.27272727272727276,0.839,0.12962962962962962,0.19819819819819823,0.28037383177570097,0.22727272727272727,0.037037037037037035,0.45999999999999996,0.45042492917847016,6
Landry Shamet,0.431,0.2689075630252101,0.422,0.3787878787878788,0.806,0.05555555555555555,0.12612612612612611,0.14018691588785048,0.22727272727272727,0.037037037037037035,0.12,0.235127478753541,1
Iman Shumpert,0.374,0.27310924369747897,0.348,0.33333333333333337,0.8,0.07407407407407407,0.22522522522522523,0.16822429906542058,0.45454545454545453,0.14814814814814814,0.16,0.18980169971671387,1
Pascal Siakam,0.549,0.4663865546218488,0.369,0.20454545454545456,0.785,0.2962962962962963,0.4774774774774775,0.28971962616822433,0.40909090909090906,0.25925925925925924,0.38,0.45609065155807355,4
Ben Simmons,0.563,0.4831932773109244,0,0.007575757575757577,0.6,0.40740740740740744,0.5945945945945946,0.7196261682242991,0.6363636363636362,0.2962962962962963,0.7,0.45609065155807355,7
Jonathon Simmons,0.38,0.2352941176470588,0.269,0.14393939393939395,0.742,0.09259259259259259,0.16216216216216217,0.21495327102803738,0.22727272727272727,0.1111111111111111,0.24,0.16147308781869688,1
Anfernee Simons,0.444,0.10504201680672269,0.345,0.11363636363636365,0.563,0.037037037037037035,0.04504504504504505,0.06542056074766354,0.045454545454545456,0,0.12,0.08498583569405098,2
Marcus Smart,0.422,0.2689075630252101,0.364,0.32575757575757575,0.806,0.12962962962962962,0.19819819819819823,0.3738317757009346,0.8181818181818181,0.14814814814814814,0.3,0.22946175637393765,6
Dennis Smith,0.428,0.4873949579831933,0.322,0.29545454545454547,0.635,0.1111111111111111,0.2072072072072072,0.4485981308411215,0.5909090909090908,0.14814814814814814,0.58,0.36260623229461747,6
Ish Smith,0.419,0.3361344537815126,0.326,0.18181818181818182,0.758,0.07407407407407407,0.19819819819819823,0.33644859813084116,0.22727272727272727,0.07407407407407407,0.22000000000000003,0.22946175637393765,1
J.R. Smith,0.342,0.27310924369747897,0.308,0.26515151515151514,0.8,0,0.14414414414414414,0.17757009345794392,0.45454545454545453,0.1111111111111111,0.2,0.16713881019830026,1
Jason Smith,0.356,0.09663865546218486,0.346,0.0984848484848485,0.875,0.14814814814814814,0.16216216216216217,0.06542056074766354,0.09090909090909091,0.14814814814814814,0.13999999999999999,0.07082152974504248,1
Zhaire Smith,0.412,0.21008403361344538,0.375,0.20454545454545456,0.75,0.09259259259259259,0.15315315315315314,0.15887850467289721,0.13636363636363635,0.1111111111111111,0.2,0.16713881019830026,1
Tony Snell,0.452,0.17647058823529413,0.397,0.21212121212121213,0.881,0.07407407407407407,0.15315315315315314,0.08411214953271029,0.18181818181818182,0.07407407407407407,0.06,0.14730878186968838,1
Ray Spalding,0.532,0.1134453781512605,0,0.015151515151515154,0.333,0.20370370370370372,0.21621621621621623,0.03738317757009346,0.2727272727272727,0.2222222222222222,0.12,0.08781869688385267,1
Omari Spellman,0.402,0.19327731092436973,0.344,0.21212121212121213,0.711,0.2962962962962963,0.24324324324324326,0.09345794392523366,0.2727272727272727,0.18518518518518517,0.13999999999999999,0.14447592067988668,1
Nik Stauskas,0.402,0.18067226890756302,0.372,0.21212121212121213,0.891,0.05555555555555555,0.14414414414414414,0.11214953271028037,0.13636363636363635,0.037037037037037035,0.16,0.14447592067988668,1
Lance Stephenson,0.426,0.23949579831932774,0.371,0.2196969696969697,0.685,0.09259259259259259,0.24324324324324326,0.19626168224299068,0.2727272727272727,0.037037037037037035,0.26,0.18130311614730876,1
Edmond Sumner,0.344,0.08823529411764704,0.259,0.09090909090909091,0.625,0.07407407407407407,0.06306306306306306,0.03738317757009346,0.22727272727272727,0.07407407407407407,0.08,0.059490084985835676,2
Caleb Swanigan,0.34,0.07563025210084033,0.143,0.022727272727272728,0.667,0.14814814814814814,0.19819819819819823,0.04672897196261683,0.13636363636363635,0,0.18,0.03399433427762039,2
Jayson Tatum,0.45,0.5210084033613446,0.373,0.29545454545454547,0.855,0.16666666666666666,0.4684684684684685,0.19626168224299068,0.5,0.25925925925925924,0.3,0.42209631728045316,6
Jeff Teague,0.423,0.3865546218487395,0.333,0.1893939393939394,0.804,0.07407407407407407,0.1891891891891892,0.7663551401869159,0.45454545454545453,0.14814814814814814,0.45999999999999996,0.320113314447592,6
Garrett Temple,0.422,0.24789915966386553,0.341,0.26515151515151514,0.748,0.07407407407407407,0.22522522522522523,0.1308411214953271,0.45454545454545453,0.14814814814814814,0.18,0.19830028328611896,1
Miloš Teodosić,0.425,0.08403361344537814,0.37,0.13636363636363638,0.571,0.037037037037037035,0.08108108108108109,0.19626168224299068,0.09090909090909091,0.037037037037037035,0.27999999999999997,0.0679886685552408,2
Jared Terrell,0.308,0.08823529411764704,0.235,0.09090909090909091,0.5,0.018518518518518517,0.036036036036036036,0.08411214953271029,0.09090909090909091,0.037037037037037035,0.13999999999999999,0.039660056657223795,2
Daniel Theis,0.549,0.13865546218487393,0.388,0.07575757575757576,0.737,0.24074074074074073,0.1891891891891892,0.09345794392523366,0.13636363636363635,0.2222222222222222,0.1,0.13881019830028327,1
Isaiah Thomas,0.343,0.319327731092437,0.279,0.27272727272727276,0.63,0.07407407407407407,0.06306306306306306,0.17757009345794392,0.18181818181818182,0.037037037037037035,0.3,0.20679886685552404,1
Khyri Thomas,0.319,0.08403361344537814,0.286,0.0984848484848485,0.636,0.037037037037037035,0.05405405405405406,0.028037383177570093,0.13636363636363635,0.07407407407407407,0.04,0.04249291784702548,2
Lance Thomas,0.396,0.15126050420168066,0.278,0.12878787878787878,0.75,0.09259259259259259,0.1891891891891892,0.056074766355140186,0.18181818181818182,0.07407407407407407,0.1,0.10481586402266288,1
Klay Thompson,0.467,0.726890756302521,0.402,0.5833333333333334,0.816,0.09259259259259259,0.3063063063063063,0.22429906542056074,0.5,0.2222222222222222,0.3,0.5864022662889518,6
Sindarius Thornwell,0.347,0.004201680672268911,0.2,0.015151515151515154,0.735,0.018518518518518517,0.05405405405405406,0.028037383177570093,0.09090909090909091,0.037037037037037035,0.06,0.005665722379603397,1
Anthony Tolliver,0.382,0.13865546218487393,0.377,0.25,0.783,0.037037037037037035,0.22522522522522523,0.06542056074766354,0.13636363636363635,0.1111111111111111,0.12,0.11898016997167138,1
Karl-Anthony Towns,0.518,0.689075630252101,0.4,0.34848484848484845,0.836,0.6296296296296295,0.8108108108108109,0.31775700934579443,0.40909090909090906,0.5925925925925926,0.62,0.66855524079320094,5
Gary Trent,0.32,0.10924369747899158,0.238,0.10606060606060606,0.429,0.018518518518518517,0.06306306306306306,0.028037383177570093,0.045454545454545456,0.037037037037037035,0.06,0.053824362606232294,2
Allonzo Trier,0.448,0.3109243697478991,0.394,0.15909090909090912,0.803,0.09259259259259259,0.23423423423423426,0.17757009345794392,0.18181818181818182,0.07407407407407407,0.36,0.2861189801699716,1
P.J. Tucker,0.396,0.23949579831932774,0.377,0.3560606060606061,0.695,0.27777777777777773,0.39639639639639646,0.11214953271028037,0.7272727272727273,0.18518518518518517,0.16,0.18413597733711046,6
Evan Turner,0.46,0.22689075630252098,0.212,0.05303030303030303,0.708,0.09259259259259259,0.3603603603603604,0.36448598130841126,0.22727272727272727,0.07407407407407407,0.32,0.16997167138810196,1
Myles Turner,0.487,0.411764705882353,0.388,0.196969696969697,0.736,0.25925925925925924,0.5225225225225225,0.14953271028037385,0.36363636363636365,1,0.27999999999999997,0.35410764872521244,4
Jonas Valančiūnas,0.559,0.4327731092436975,0.292,0.07575757575757576,0.795,0.40740740740740744,0.5765765765765766,0.1308411214953271,0.18181818181818182,0.40740740740740744,0.36,0.41926345609065147,4
Jarred Vanderbilt,0.474,0.016806722689075636,0,0.007575757575757577,0.6,0.07407407407407407,0.08108108108108109,0.01869158878504673,0.18181818181818182,0.037037037037037035,0.1,0.016997167138810193,1
Fred VanVleet,0.41,0.365546218487395,0.378,0.34848484848484845,0.843,0.05555555555555555,0.2072072072072072,0.4485981308411215,0.40909090909090906,0.1111111111111111,0.26,0.2889518413597733,6
Noah Vonleh,0.47,0.24369747899159663,0.336,0.15151515151515152,0.712,0.31481481481481477,0.5495495495495495,0.17757009345794392,0.3181818181818181,0.2962962962962963,0.26,0.21529745042492918,4
Nikola Vučević,0.518,0.6806722689075629,0.364,0.2196969696969697,0.789,0.5185185185185185,0.8288288288288288,0.35514018691588783,0.45454545454545453,0.40740740740740744,0.4,0.5665722379603398,5
Dwyane Wade,0.433,0.5294117647058824,0.33,0.27272727272727276,0.708,0.18518518518518517,0.2702702702702703,0.39252336448598135,0.36363636363636365,0.18518518518518517,0.45999999999999996,0.4022662889518413,6
Moritz Wagner,0.415,0.13865546218487393,0.286,0.13636363636363638,0.811,0.07407407407407407,0.14414414414414414,0.056074766355140186,0.13636363636363635,0.1111111111111111,0.18,0.11331444759206798,1
Dion Waiters,0.414,0.4285714285714286,0.377,0.5,0.5,0.037037037037037035,0.22522522522522523,0.2616822429906542,0.3181818181818181,0.07407407407407407,0.3,0.3172804532577903,6
Kemba Walker,0.434,0.8319327731092437,0.356,0.6742424242424243,0.844,0.1111111111111111,0.34234234234234234,0.5514018691588786,0.5454545454545454,0.14814814814814814,0.52,0.7025495750708215,7
Lonnie Walker,0.348,0.08403361344537814,0.385,0.060606060606060615,0.8,0,0.0900900900900901,0.04672897196261683,0.18181818181818182,0.07407407407407407,0.04,0.05099150141643059,1
John Wall,0.444,0.6974789915966387,0.302,0.40151515151515155,0.697,0.09259259259259259,0.2882882882882883,0.8130841121495327,0.6818181818181818,0.3333333333333333,0.76,0.5637393767705381,7
Tyrone Wallace,0.424,0.1176470588235294,0.211,0.022727272727272728,0.526,0.05555555555555555,0.11711711711711713,0.06542056074766354,0.13636363636363635,0.037037037037037035,0.12,0.07648725212464588,2
Taurean Waller-Prince,0.441,0.4243697478991597,0.39,0.4318181818181819,0.819,0.07407407407407407,0.2882882882882883,0.19626168224299068,0.45454545454545453,0.1111111111111111,0.36,0.3597733711048158,6
Brad Wanamaker,0.476,0.09243697478991597,0.41,0.08333333333333334,0.857,0.018518518518518517,0.09909909909909911,0.14953271028037385,0.13636363636363635,0.037037037037037035,0.1,0.08781869688385267,1
T.J. Warren,0.486,0.5672268907563025,0.428,0.31818181818181823,0.815,0.12962962962962962,0.2972972972972973,0.14018691588785048,0.5454545454545454,0.25925925925925924,0.24,0.4872521246458923,6
Julian Washburn,0.333,0.08403361344537814,0.208,0.0984848484848485,0.75,0.07407407407407407,0.16216216216216217,0.07476635514018692,0.3181818181818181,0.037037037037037035,0.08,0.039660056657223795,1
Yuta Watanabe,0.294,0.1134453781512605,0.125,0.08333333333333334,0.7,0.05555555555555555,0.16216216216216217,0.04672897196261683,0.13636363636363635,0.037037037037037035,0.08,0.05099150141643059,2
Thomas Welsh,0.538,0.021008403361344536,0.429,0.045454545454545456,0.5,0,0.036036036036036036,0.04672897196261683,0,0,0.02,0.022662889518413595,2
Russell Westbrook,0.428,0.819327731092437,0.29,0.42424242424242425,0.656,0.27777777777777773,0.8648648648648649,1,0.8636363636363635,0.18518518518518517,0.9,0.6260623229461755,8
Derrick White,0.479,0.3109243697478991,0.338,0.15909090909090912,0.772,0.09259259259259259,0.2882882882882883,0.36448598130841126,0.45454545454545453,0.25925925925925924,0.27999999999999997,0.2577903682719546,1
Hassan Whiteside,0.571,0.365546218487395,0.125,0.015151515151515154,0.449,0.6666666666666666,0.7027027027027027,0.07476635514018692,0.2727272727272727,0.7037037037037036,0.26,0.32577903682719545,4
Andrew Wiggins,0.412,0.6680672268907564,0.339,0.36363636363636365,0.699,0.20370370370370372,0.33333333333333337,0.23364485981308414,0.45454545454545453,0.25925925925925924,0.38,0.490084985835694,6
Alan Williams,0.615,0.07983193277310925,0,0.015151515151515154,0.5,0.14814814814814814,0.2702702702702703,0.056074766355140186,0.09090909090909091,0,0.04,0.07932011331444758,1
C.J. Williams,0.486,0.06722689075630252,0.313,0.08333333333333334,0,0.018518518518518517,0.04504504504504505,0.07476635514018692,0.18181818181818182,0,0.06,0.05099150141643059,2
Johnathan Williams,0.591,0.16386554621848737,0,0.007575757575757577,0.563,0.37037037037037035,0.1891891891891892,0.04672897196261683,0.13636363636363635,0.1111111111111111,0.13999999999999999,0.16147308781869688,1
Kenrich Williams,0.384,0.22689075630252098,0.333,0.25757575757575757,0.684,0.2222222222222222,0.32432432432432434,0.16822429906542058,0.45454545454545453,0.14814814814814814,0.16,0.15014164305949007,1
Lou Williams,0.425,0.6092436974789915,0.361,0.29545454545454547,0.876,0.09259259259259259,0.21621621621621623,0.5046728971962617,0.36363636363636365,0.037037037037037035,0.48,0.5439093484419263,6
Marvin Williams,0.422,0.3361344537815126,0.366,0.38636363636363635,0.767,0.18518518518518517,0.39639639639639646,0.11214953271028037,0.40909090909090906,0.2962962962962963,0.12,0.263456090651558,6
Troy Williams,0.449,0.1680672268907563,0.318,0.15909090909090912,0.6,0.1111111111111111,0.19819819819819823,0.04672897196261683,0.22727272727272727,0.14814814814814814,0.08,0.12747875354107646,1
D.J. Wilson,0.414,0.18907563025210083,0.362,0.196969696969697,0.553,0.16666666666666666,0.33333333333333337,0.10280373831775702,0.18181818181818182,0.14814814814814814,0.13999999999999999,0.14164305949008496,1
Justise Winslow,0.433,0.44537815126050423,0.375,0.29545454545454547,0.628,0.18518518518518517,0.39639639639639646,0.40186915887850466,0.5,0.1111111111111111,0.44000000000000006,0.33427762039660047,6
Christian Wood,0.521,0.20588235294117643,0.346,0.09090909090909091,0.732,0.14814814814814814,0.2792792792792793,0.03738317757009346,0.13636363636363635,0.18518518518518517,0.16,0.20963172804532573,1
Delon Wright,0.434,0.2815126050420168,0.298,0.16666666666666669,0.793,0.16666666666666666,0.23423423423423426,0.308411214953271,0.5454545454545454,0.14814814814814814,0.2,0.22379603399433423,1
Guerschon Yabusele,0.455,0.050420168067226885,0.321,0.05303030303030303,0.682,0.1111111111111111,0.06306306306306306,0.03738317757009346,0.09090909090909091,0.07407407407407407,0.08,0.04249291784702548,2
Thaddeus Young,0.527,0.4075630252100841,0.349,0.13636363636363638,0.644,0.4444444444444444,0.36936936936936937,0.23364485981308414,0.6818181818181818,0.14814814814814814,0.3,0.33427762039660047,4
Trae Young,0.418,0.6218487394957983,0.324,0.4545454545454546,0.829,0.14814814814814814,0.26126126126126126,0.7570093457943925,0.40909090909090906,0.07407407407407407,0.76,0.518413597733711,7
Cody Zeller,0.551,0.2647058823529412,0.273,0.030303030303030307,0.787,0.40740740740740744,0.4144144144144144,0.19626168224299068,0.36363636363636365,0.2962962962962963,0.26,0.263456090651558,4
Tyler Zeller,0.533,0.18067226890756302,0,0.015151515151515154,0.778,0.3333333333333333,0.19819819819819823,0.06542056074766354,0.09090909090909091,0.18518518518518517,0.13999999999999999,0.19546742209631726,1
