,GAME,FGM,FGA,FG%,FTM,FTA,FT%,3FGM,3FGA,3FG%,PTS,TEAM
0,4/9,42,84,50.0,18,25,72.0,7,28,25.0,109,Denver Nuggets
1,4/8,41,90,45.6,17,24,70.8,15,46,32.6,114,Denver Nuggets
2,4/6,44,83,53.0,19,23,82.6,8,23,34.8,115,Denver Nuggets
3,4/4,41,87,47.1,10,18,55.6,11,36,30.6,103,Denver Nuggets
4,4/2,44,100,44.0,15,18,83.3,9,33,27.3,112,Denver Nuggets
5,3/31,38,95,40.0,11,20,55.0,6,26,23.1,93,Denver Nuggets
6,3/30,32,80,40.0,20,32,62.5,4,28,14.3,88,Denver Nuggets
7,3/27,43,85,50.6,19,22,86.4,11,32,34.4,116,Denver Nuggets
8,3/25,47,89,52.8,20,28,71.4,15,36,41.7,129,Denver Nuggets
9,3/22,42,83,50.6,19,21,90.5,15,32,46.9,118,Denver Nuggets
10,3/19,42,80,52.5,12,13,92.3,12,23,52.2,108,Denver Nuggets
11,3/18,43,84,51.2,12,15,80.0,12,33,36.4,110,Denver Nuggets
12,3/16,47,89,52.8,17,25,68.0,8,24,33.3,119,Denver Nuggets
13,3/14,42,76,55.3,20,25,80.0,6,25,24.0,110,Denver Nuggets
14,3/12,45,90,50.0,18,24,75.0,12,31,38.7,120,Denver Nuggets
15,3/10,44,90,48.9,19,20,95.0,13,35,37.1,120,Denver Nuggets
16,3/8,37,88,42.0,7,15,46.7,15,40,37.5,96,Denver Nuggets
17,3/6,43,86,50.0,19,23,82.6,13,33,39.4,118,Denver Nuggets
18,3/3,40,87,46.0,25,31,80.6,8,31,25.8,113,Denver Nuggets
19,2/28,53,92,57.6,11,16,68.8,16,37,43.2,133,Denver Nuggets
20,2/26,49,96,51.0,23,31,74.2,13,39,33.3,134,Denver Nuggets
21,2/25,36,89,40.4,11,14,78.6,11,37,29.7,94,Denver Nuggets
22,2/23,39,84,46.4,20,23,87.0,17,36,47.2,115,Denver Nuggets
23,2/15,48,84,57.1,11,15,73.3,11,31,35.5,118,Denver Nuggets
24,2/13,44,76,57.9,13,15,86.7,11,28,39.3,112,Denver Nuggets
25,2/11,50,99,50.5,14,17,82.4,5,23,21.7,119,Denver Nuggets
26,2/9,39,84,46.4,16,24,66.7,10,33,30.3,104,Denver Nuggets
27,2/7,58,93,62.4,17,22,77.3,13,27,48.1,146,Denver Nuggets
28,2/5,34,71,47.9,24,31,77.4,6,25,24.0,98,Denver Nuggets
29,2/4,48,95,50.5,17,20,85.0,15,38,39.5,128,Denver Nuggets
30,2/2,51,90,56.7,16,21,76.2,16,35,45.7,134,Denver Nuggets
31,1/31,43,87,49.4,20,24,83.3,16,36,44.4,122,Denver Nuggets
32,1/28,44,81,54.3,17,20,85.0,14,34,41.2,119,Denver Nuggets
33,1/25,38,97,39.2,12,16,75.0,11,34,32.4,99,Denver Nuggets
34,1/24,39,80,48.8,10,13,76.9,11,33,33.3,99,Denver Nuggets
35,1/22,36,82,43.9,17,33,51.5,10,28,35.7,99,Denver Nuggets
36,1/20,51,83,61.4,18,26,69.2,14,28,50.0,134,Denver Nuggets
37,1/18,45,85,52.9,24,32,75.0,8,21,38.1,122,Denver Nuggets
38,1/17,44,88,50.0,23,28,82.1,11,32,34.4,122,Denver Nuggets
39,1/15,48,89,53.9,10,19,52.6,13,39,33.3,119,Denver Nuggets
40,1/13,41,82,50.0,19,25,76.0,14,33,42.4,115,Denver Nuggets
41,1/11,48,85,56.5,15,21,71.4,15,34,44.1,126,Denver Nuggets
42,1/9,46,99,46.5,15,17,88.2,15,42,35.7,122,Denver Nuggets
43,1/6,43,81,53.1,18,23,78.3,17,35,48.6,121,Denver Nuggets
44,1/5,45,89,50.6,18,21,85.7,14,36,38.9,122,Denver Nuggets
45,1/2,42,91,46.2,16,20,80.0,11,29,37.9,111,Denver Nuggets
46,1/1,45,79,57.0,16,18,88.9,17,30,56.7,123,Denver Nuggets
47,12/30,45,76,59.2,17,22,77.3,17,28,60.7,124,Denver Nuggets
48,12/28,49,85,57.6,16,18,88.9,12,27,44.4,126,Denver Nuggets
49,12/27,41,86,47.7,18,21,85.7,13,37,35.1,113,Denver Nuggets
50,12/25,45,94,47.9,25,34,73.5,13,36,36.1,128,Denver Nuggets
51,12/23,47,81,58.0,16,26,61.5,10,21,47.6,120,Denver Nuggets
52,12/20,40,89,44.9,15,25,60.0,10,27,37.0,105,Denver Nuggets
53,12/18,43,94,45.7,22,34,64.7,11,33,33.3,119,Denver Nuggets
54,12/16,39,81,48.1,21,28,75.0,9,27,33.3,108,Denver Nuggets
55,12/14,54,83,65.1,29,35,82.9,4,16,25.0,141,Denver Nuggets
56,12/10,47,86,54.7,13,16,81.3,8,26,30.8,115,Denver Nuggets
57,12/8,47,91,51.6,15,22,68.2,12,30,40.0,121,Denver Nuggets
58,12/6,40,78,51.3,22,28,78.6,13,32,40.6,115,Denver Nuggets
59,12/4,41,81,50.6,16,24,66.7,8,31,25.8,106,Denver Nuggets
60,12/2,45,85,52.9,7,13,53.8,12,32,37.5,109,Denver Nuggets
61,11/30,44,83,53.0,15,20,75.0,17,32,53.1,120,Denver Nuggets
62,11/28,50,88,56.8,17,20,85.0,12,30,40.0,129,Denver Nuggets
63,11/25,44,89,49.4,16,23,69.6,10,30,33.3,114,Denver Nuggets
64,11/23,42,88,47.7,33,41,80.5,14,38,36.8,131,Denver Nuggets
65,11/22,43,86,50.0,17,26,65.4,5,19,26.3,108,Denver Nuggets
66,11/20,37,78,47.4,15,19,78.9,9,27,33.3,98,Denver Nuggets
67,11/18,38,90,42.2,13,18,72.2,10,30,33.3,99,Denver Nuggets
68,11/16,36,82,43.9,17,20,85.0,14,38,36.8,103,Denver Nuggets
69,11/13,48,80,60.0,17,21,81.0,13,27,48.1,126,Denver Nuggets
70,11/11,42,92,45.7,16,20,80.0,12,29,41.4,112,Denver Nuggets
71,11/9,43,88,48.9,24,26,92.3,12,28,42.9,122,Denver Nuggets
72,11/7,47,88,53.4,13,20,65.0,8,24,33.3,115,Denver Nuggets
73,11/5,53,87,60.9,5,10,50.0,15,29,51.7,126,Denver Nuggets
74,11/3,45,84,53.6,14,16,87.5,18,31,58.1,122,Denver Nuggets
75,10/30,41,96,42.7,13,18,72.2,15,40,37.5,110,Denver Nuggets
76,10/28,39,85,45.9,22,34,64.7,17,37,45.9,117,Denver Nuggets
77,10/26,42,92,45.7,17,21,81.0,9,34,26.5,110,Denver Nuggets
78,10/24,45,91,49.5,8,14,57.1,12,31,38.7,110,Denver Nuggets
79,10/22,42,85,49.4,18,31,58.1,20,38,52.6,122,Denver Nuggets
80,10/21,46,86,53.5,21,25,84.0,15,34,44.1,128,Denver Nuggets
81,10/19,40,83,48.2,17,18,94.4,5,22,22.7,102,Denver Nuggets
0,4/9,40,92,43.5,13,18,72.2,7,37,18.9,100,Memphis Grizzlies
1,4/7,53,93,57.0,11,15,73.3,20,42,47.6,137,Memphis Grizzlies
2,4/5,50,104,48.1,19,25,76.0,12,36,33.3,131,Memphis Grizzlies
3,4/4,42,87,48.3,17,22,77.3,18,48,37.5,119,Memphis Grizzlies
4,4/2,39,84,46.4,10,12,83.3,19,43,44.2,107,Memphis Grizzlies
5,3/31,43,96,44.8,13,17,76.5,9,33,27.3,108,Memphis Grizzlies
6,3/29,49,95,51.6,23,28,82.1,11,32,34.4,132,Memphis Grizzlies
7,3/28,42,88,47.7,17,23,73.9,12,34,35.3,113,Memphis Grizzlies
8,3/26,48,89,53.9,14,19,73.7,13,33,39.4,123,Memphis Grizzlies
9,3/24,57,93,61.3,12,14,85.7,25,42,59.5,151,Memphis Grizzlies
10,3/22,45,87,51.7,28,33,84.8,12,36,33.3,130,Memphis Grizzlies
11,3/20,41,89,46.1,20,26,76.9,10,35,28.6,112,Memphis Grizzlies
12,3/18,52,95,54.7,11,17,64.7,18,38,47.4,133,Memphis Grizzlies
13,3/17,49,101,48.5,14,21,66.7,14,38,36.8,126,Memphis Grizzlies
14,3/15,46,91,50.5,9,14,64.3,18,46,39.1,119,Memphis Grizzlies
15,3/13,38,83,45.8,16,19,84.2,12,37,32.4,104,Memphis Grizzlies
16,3/11,41,86,47.7,20,24,83.3,10,38,26.3,112,Memphis Grizzlies
17,3/9,50,93,53.8,13,18,72.2,18,40,45.0,131,Memphis Grizzlies
18,3/7,36,93,38.7,22,29,75.9,9,37,24.3,103,Memphis Grizzlies
19,3/5,50,92,54.3,11,15,73.3,18,34,52.9,129,Memphis Grizzlies
20,3/3,31,84,36.9,24,31,77.4,11,32,34.4,97,Memphis Grizzlies
21,3/1,40,83,48.2,16,19,84.2,17,41,41.5,113,Memphis Grizzlies
22,2/28,51,112,45.5,13,17,76.5,6,31,19.4,121,Memphis Grizzlies
23,2/25,45,95,47.4,7,8,87.5,15,44,34.1,112,Memphis Grizzlies
24,2/23,34,87,39.1,30,36,83.3,7,32,21.9,105,Memphis Grizzlies
25,2/15,43,107,40.2,17,25,68.0,14,40,35.0,117,Memphis Grizzlies
26,2/12,42,84,50.0,13,21,61.9,12,34,35.3,109,Memphis Grizzlies
27,2/10,49,84,58.3,20,27,74.1,10,25,40.0,128,Memphis Grizzlies
28,2/7,39,81,48.1,15,21,71.4,11,33,33.3,104,Memphis Grizzlies
29,2/5,38,78,48.7,17,23,73.9,10,27,37.0,103,Memphis Grizzlies
30,2/2,41,87,47.1,21,22,95.5,10,23,43.5,113,Memphis Grizzlies
31,2/1,41,87,47.1,21,28,75.0,9,37,24.3,112,Memphis Grizzlies
32,1/29,43,89,48.3,17,22,77.3,9,37,24.3,112,Memphis Grizzlies
33,1/27,38,93,40.9,16,19,84.2,8,33,24.2,100,Memphis Grizzlies
34,1/25,42,88,47.7,26,37,70.3,10,31,32.3,120,Memphis Grizzlies
35,1/23,40,98,40.8,8,10,80.0,12,36,33.3,100,Memphis Grizzlies
36,1/22,40,92,43.5,19,27,70.4,11,32,34.4,110,Memphis Grizzlies
37,1/20,43,102,42.2,26,40,65.0,9,29,31.0,121,Memphis Grizzlies
38,1/18,44,97,45.4,16,22,72.7,11,34,32.4,115,Memphis Grizzlies
39,1/16,52,98,53.1,16,20,80.0,16,37,43.2,136,Memphis Grizzlies
40,1/14,48,87,55.2,22,28,78.6,12,32,37.5,130,Memphis Grizzlies
41,1/11,52,101,51.5,17,25,68.0,14,22,63.6,135,Memphis Grizzlies
42,1/9,45,91,49.5,20,35,57.1,11,26,42.3,121,Memphis Grizzlies
43,1/8,46,102,45.1,16,22,72.7,15,38,39.5,123,Memphis Grizzlies
44,1/5,48,92,52.2,15,23,65.2,12,36,33.3,123,Memphis Grizzlies
45,1/4,47,94,50.0,28,37,75.7,9,30,30.0,131,Memphis Grizzlies
46,1/1,46,100,46.0,16,24,66.7,10,32,31.3,118,Memphis Grizzlies
47,12/31,47,92,51.1,17,22,77.3,5,29,17.2,116,Memphis Grizzlies
48,12/29,48,95,50.5,10,14,71.4,13,29,44.8,119,Memphis Grizzlies
49,12/27,36,91,39.6,28,34,82.4,8,30,26.7,108,Memphis Grizzlies
50,12/25,39,94,41.5,22,30,73.3,9,39,23.1,109,Memphis Grizzlies
51,12/23,45,91,49.5,28,38,73.7,7,23,30.4,125,Memphis Grizzlies
52,12/20,36,81,44.4,14,21,66.7,5,26,19.2,91,Memphis Grizzlies
53,12/17,34,90,37.8,29,37,78.4,12,45,26.7,109,Memphis Grizzlies
54,12/15,56,102,54.9,18,23,78.3,12,32,37.5,142,Memphis Grizzlies
55,12/12,50,83,60.2,15,18,83.3,13,32,40.6,128,Memphis Grizzlies
56,12/9,44,91,48.4,17,32,53.1,9,32,28.1,114,Memphis Grizzlies
57,12/7,48,94,51.1,13,16,81.3,14,38,36.8,123,Memphis Grizzlies
58,12/5,42,90,46.7,9,9,100.0,8,32,25.0,101,Memphis Grizzlies
59,12/4,43,92,46.7,21,29,72.4,15,35,42.9,122,Memphis Grizzlies
60,12/2,42,97,43.3,22,28,78.6,11,30,36.7,117,Memphis Grizzlies
61,11/30,37,87,42.5,18,30,60.0,9,26,34.6,101,Memphis Grizzlies
62,11/27,46,95,48.4,23,31,74.2,12,32,37.5,127,Memphis Grizzlies
63,11/25,47,91,51.6,20,27,74.1,18,38,47.4,132,Memphis Grizzlies
64,11/22,41,91,45.1,19,30,63.3,8,30,26.7,109,Memphis Grizzlies
65,11/20,43,99,43.4,17,31,54.8,12,37,32.4,115,Memphis Grizzlies
66,11/18,39,93,41.9,29,40,72.5,14,39,35.9,121,Memphis Grizzlies
67,11/15,38,92,41.3,17,25,68.0,9,35,25.7,102,Memphis Grizzlies
68,11/13,38,96,39.6,7,10,70.0,9,28,32.1,92,Memphis Grizzlies
69,11/11,44,88,50.0,19,27,70.4,7,33,21.2,114,Memphis Grizzlies
70,11/9,50,98,51.0,10,13,76.9,14,32,43.8,124,Memphis Grizzlies
71,11/7,41,91,45.1,9,14,64.3,15,44,34.1,106,Memphis Grizzlies
72,11/6,39,91,42.9,16,20,80.0,9,29,31.0,103,Memphis Grizzlies
73,11/4,50,98,51.0,14,18,77.8,16,36,44.4,130,Memphis Grizzlies
74,11/2,38,83,45.8,22,27,81.5,13,28,46.4,111,Memphis Grizzlies
75,10/31,38,92,41.3,23,42,54.8,6,26,23.1,105,Memphis Grizzlies
76,10/29,50,88,56.8,11,15,73.3,12,27,44.4,123,Memphis Grizzlies
77,10/27,49,92,53.3,13,18,72.2,14,33,42.4,125,Memphis Grizzlies
78,10/24,47,94,50.0,24,31,77.4,16,34,47.1,134,Memphis Grizzlies
79,10/22,34,79,43.0,19,24,79.2,9,33,27.3,96,Memphis Grizzlies
80,10/21,45,98,45.9,20,29,69.0,19,42,45.2,129,Memphis Grizzlies
81,10/19,42,108,38.9,14,23,60.9,17,50,34.0,115,Memphis Grizzlies
0,4/9,37,85,43.5,10,15,66.7,11,43,25.6,95,Sacramento Kings
1,4/7,38,98,38.8,10,18,55.6,11,39,28.2,97,Sacramento Kings
2,4/5,46,106,43.4,15,19,78.9,12,37,32.4,119,Sacramento Kings
3,4/4,46,91,50.5,12,15,80.0,17,42,40.5,121,Sacramento Kings
4,4/2,49,103,47.6,25,32,78.1,11,44,25.0,134,Sacramento Kings
5,3/31,54,88,61.4,11,15,73.3,19,39,48.7,138,Sacramento Kings
6,3/29,42,92,45.7,18,24,75.0,18,48,37.5,120,Sacramento Kings
7,3/27,39,84,46.4,32,40,80.0,5,27,18.5,115,Sacramento Kings
8,3/25,44,95,46.3,17,21,81.0,16,43,37.2,121,Sacramento Kings
9,3/24,47,89,52.8,28,32,87.5,13,39,33.3,135,Sacramento Kings
10,3/21,39,81,48.1,14,21,66.7,17,44,38.6,109,Sacramento Kings
11,3/20,41,97,42.3,19,25,76.0,19,52,36.5,120,Sacramento Kings
12,3/18,48,86,55.8,14,23,60.9,22,37,59.5,132,Sacramento Kings
13,3/16,32,82,39.0,24,32,75.0,13,41,31.7,101,Sacramento Kings
14,3/15,38,78,48.7,23,29,79.3,18,42,42.9,117,Sacramento Kings
15,3/13,46,104,44.2,11,15,73.3,21,50,42.0,124,Sacramento Kings
16,3/11,41,85,48.2,31,37,83.8,15,35,42.9,128,Sacramento Kings
17,3/9,44,84,52.4,24,32,75.0,10,32,31.3,122,Sacramento Kings
18,3/6,47,83,56.6,13,20,65.0,16,38,42.1,123,Sacramento Kings
19,3/4,49,89,55.1,22,30,73.3,14,27,51.9,134,Sacramento Kings
20,3/3,46,87,52.9,26,26,100.0,10,33,30.3,128,Sacramento Kings
21,2/28,43,82,52.4,22,30,73.3,15,42,35.7,123,Sacramento Kings
22,2/26,45,85,52.9,16,24,66.7,18,43,41.9,124,Sacramento Kings
23,2/24,65,111,58.6,28,35,80.0,18,41,43.9,176,Sacramento Kings
24,2/23,47,85,55.3,25,31,80.6,14,34,41.2,133,Sacramento Kings
25,2/14,37,83,44.6,21,24,87.5,14,38,36.8,109,Sacramento Kings
26,2/11,51,100,51.0,23,25,92.0,8,32,25.0,133,Sacramento Kings
27,2/10,39,72,54.2,27,32,84.4,9,27,33.3,114,Sacramento Kings
28,2/8,46,92,50.0,28,30,93.3,10,30,33.3,130,Sacramento Kings
29,2/6,52,89,58.4,15,18,83.3,21,41,51.2,140,Sacramento Kings
30,2/5,35,82,42.7,23,27,85.2,11,42,26.2,104,Sacramento Kings
31,2/3,37,86,43.0,17,20,85.0,13,38,34.2,104,Sacramento Kings
32,2/1,48,90,53.3,15,19,78.9,8,27,29.6,119,Sacramento Kings
33,1/30,47,99,47.5,15,22,68.2,9,30,30.0,118,Sacramento Kings
34,1/28,37,82,45.1,27,36,75.0,9,33,27.3,110,Sacramento Kings
35,1/25,35,73,47.9,12,13,92.3,13,32,40.6,95,Sacramento Kings
36,1/23,49,88,55.7,13,14,92.9,22,40,55.0,133,Sacramento Kings
37,1/21,46,84,54.8,22,29,75.9,13,33,39.4,127,Sacramento Kings
38,1/20,41,87,47.1,24,28,85.7,12,38,31.6,118,Sacramento Kings
39,1/18,43,87,49.4,21,27,77.8,9,30,30.0,116,Sacramento Kings
40,1/15,49,89,55.1,20,25,80.0,14,30,46.7,132,Sacramento Kings
41,1/13,47,86,54.7,25,29,86.2,20,40,50.0,139,Sacramento Kings
42,1/11,45,94,47.9,26,31,83.9,19,48,39.6,135,Sacramento Kings
43,1/9,52,97,53.6,9,12,75.0,23,46,50.0,136,Sacramento Kings
44,1/7,45,86,52.3,30,37,81.1,14,32,43.8,134,Sacramento Kings
45,1/4,41,88,46.6,25,27,92.6,10,25,40.0,117,Sacramento Kings
46,1/3,46,86,53.5,16,18,88.9,9,32,28.1,117,Sacramento Kings
47,1/1,39,96,40.6,15,15,100.0,15,43,34.9,108,Sacramento Kings
48,12/30,50,90,55.6,14,19,73.7,12,30,40.0,126,Sacramento Kings
49,12/28,47,89,52.8,19,25,76.0,14,31,45.2,127,Sacramento Kings
50,12/27,40,82,48.8,16,19,84.2,10,35,28.6,106,Sacramento Kings
51,12/23,37,84,44.0,27,35,77.1,10,32,31.3,111,Sacramento Kings
52,12/21,48,95,50.5,21,28,75.0,17,47,36.2,134,Sacramento Kings
53,12/19,45,95,47.4,17,31,54.8,12,33,36.4,119,Sacramento Kings
54,12/16,43,82,52.4,24,29,82.8,12,31,38.7,122,Sacramento Kings
55,12/14,45,93,48.4,17,20,85.0,17,46,37.0,124,Sacramento Kings
56,12/13,38,92,41.3,17,20,85.0,10,42,23.8,103,Sacramento Kings
57,12/11,33,83,39.8,23,35,65.7,10,39,25.6,99,Sacramento Kings
58,12/9,35,66,53.0,20,32,62.5,16,33,48.5,106,Sacramento Kings
59,12/7,43,91,47.3,15,16,93.8,12,38,31.6,113,Sacramento Kings
60,12/4,40,86,46.5,17,19,89.5,13,43,30.2,110,Sacramento Kings
61,12/3,46,89,51.7,20,30,66.7,11,32,34.4,123,Sacramento Kings
62,11/30,48,95,50.5,25,29,86.2,16,43,37.2,137,Sacramento Kings
63,11/28,46,88,52.3,16,18,88.9,9,25,36.0,117,Sacramento Kings
64,11/25,36,87,41.4,23,26,88.5,9,36,25.0,104,Sacramento Kings
65,11/23,41,89,46.1,15,21,71.4,9,31,29.0,106,Sacramento Kings
66,11/22,39,90,43.3,20,27,74.1,15,45,33.3,113,Sacramento Kings
67,11/20,47,85,55.3,31,35,88.6,12,35,34.3,137,Sacramento Kings
68,11/17,48,83,57.8,22,24,91.7,12,30,40.0,130,Sacramento Kings
69,11/15,56,94,59.6,21,25,84.0,20,41,48.8,153,Sacramento Kings
70,11/13,47,91,51.6,12,19,63.2,16,37,43.2,122,Sacramento Kings
71,11/11,45,87,51.7,18,21,85.7,12,36,33.3,120,Sacramento Kings
72,11/9,40,76,52.6,30,35,85.7,17,39,43.6,127,Sacramento Kings
73,11/7,37,91,40.7,25,29,86.2,14,40,35.0,113,Sacramento Kings
74,11/5,47,93,50.5,17,26,65.4,15,40,37.5,126,Sacramento Kings
75,11/2,41,86,47.7,12,14,85.7,13,36,36.1,107,Sacramento Kings
76,10/31,37,85,43.5,24,28,85.7,17,44,38.6,115,Sacramento Kings
77,10/29,42,76,55.3,21,29,72.4,14,31,45.2,119,Sacramento Kings
78,10/27,40,83,48.2,18,22,81.8,12,38,31.6,110,Sacramento Kings
79,10/23,47,100,47.0,20,25,80.0,11,43,25.6,125,Sacramento Kings
80,10/22,40,85,47.1,15,26,57.7,14,35,40.0,109,Sacramento Kings
81,10/19,39,85,45.9,13,19,68.4,17,44,38.6,108,Sacramento Kings
0,4/9,42,99,42.4,16,22,72.7,14,37,37.8,114,Phoenix Suns
1,4/7,43,104,41.3,12,14,85.7,9,36,25.0,107,Phoenix Suns
2,4/6,41,79,51.9,20,25,80.0,17,36,47.2,119,Phoenix Suns
3,4/4,43,89,48.3,19,26,73.1,10,33,30.3,115,Phoenix Suns
4,4/2,46,81,56.8,23,28,82.1,13,34,38.2,128,Phoenix Suns
5,3/31,37,88,42.0,16,21,76.2,10,27,37.0,100,Phoenix Suns
6,3/29,40,96,41.7,21,27,77.8,6,20,30.0,107,Phoenix Suns
7,3/27,43,101,42.6,20,22,90.9,11,36,30.6,117,Phoenix Suns
8,3/25,47,93,50.5,16,19,84.2,15,32,46.9,125,Phoenix Suns
9,3/24,48,89,53.9,22,29,75.9,9,29,31.0,127,Phoenix Suns
10,3/22,42,90,46.7,15,20,75.0,12,31,38.7,111,Phoenix Suns
11,3/19,44,92,47.8,17,24,70.8,15,36,41.7,120,Phoenix Suns
12,3/16,43,90,47.8,17,17,100.0,13,35,37.1,116,Phoenix Suns
13,3/14,41,95,43.2,14,16,87.5,8,23,34.8,104,Phoenix Suns
14,3/13,46,95,48.4,16,22,72.7,4,21,19.0,112,Phoenix Suns
15,3/11,44,89,49.4,18,22,81.8,13,44,29.5,119,Phoenix Suns
16,3/8,49,94,52.1,14,16,87.5,20,43,46.5,132,Phoenix Suns
17,3/5,49,89,55.1,20,25,80.0,12,34,35.3,130,Phoenix Suns
18,3/3,42,84,50.0,21,25,84.0,20,47,42.6,125,Phoenix Suns
19,3/1,42,89,47.2,12,15,80.0,9,25,36.0,105,Phoenix Suns
20,2/26,40,95,42.1,13,22,59.1,8,24,33.3,101,Phoenix Suns
21,2/24,42,90,46.7,26,32,81.3,14,38,36.8,124,Phoenix Suns
22,2/16,42,89,47.2,12,16,75.0,11,31,35.5,107,Phoenix Suns
23,2/14,50,88,56.8,13,16,81.3,7,22,31.8,120,Phoenix Suns
24,2/10,43,93,46.2,21,24,87.5,10,33,30.3,117,Phoenix Suns
25,2/9,39,86,45.3,22,29,75.9,7,30,23.3,107,Phoenix Suns
26,2/7,43,92,46.7,21,28,75.0,9,31,29.0,116,Phoenix Suns
27,2/4,42,75,56.0,21,31,67.7,11,23,47.8,116,Phoenix Suns
28,2/3,41,95,43.2,12,14,85.7,12,32,37.5,106,Phoenix Suns
29,2/1,35,86,40.7,26,31,83.9,4,28,14.3,100,Phoenix Suns
30,1/30,43,87,49.4,17,21,81.0,11,28,39.3,114,Phoenix Suns
31,1/28,50,103,48.5,20,26,76.9,8,24,33.3,128,Phoenix Suns
32,1/26,35,86,40.7,12,16,75.0,13,32,40.6,95,Phoenix Suns
33,1/24,47,94,50.0,12,13,92.3,22,39,56.4,128,Phoenix Suns
34,1/22,39,88,44.3,21,25,84.0,13,35,37.1,112,Phoenix Suns
35,1/21,38,91,41.8,24,35,68.6,12,31,38.7,112,Phoenix Suns
36,1/19,39,85,45.9,28,41,68.3,11,28,39.3,117,Phoenix Suns
37,1/16,39,89,43.8,18,19,94.7,10,33,30.3,106,Phoenix Suns
38,1/13,41,86,47.7,20,24,83.3,14,23,60.9,116,Phoenix Suns
39,1/11,39,90,43.3,10,14,71.4,9,32,28.1,97,Phoenix Suns
40,1/10,41,90,45.6,29,31,93.5,14,31,45.2,125,Phoenix Suns
41,1/8,37,84,44.0,10,11,90.9,14,26,53.8,98,Phoenix Suns
42,1/6,34,82,41.5,22,25,88.0,6,23,26.1,96,Phoenix Suns
43,1/4,32,81,39.5,14,18,77.8,10,28,35.7,88,Phoenix Suns
44,1/2,34,87,39.1,5,7,71.4,10,37,27.0,83,Phoenix Suns
45,12/30,35,71,49.3,20,23,87.0,14,30,46.7,104,Phoenix Suns
46,12/28,39,87,44.8,11,16,68.8,13,31,41.9,102,Phoenix Suns
47,12/27,43,87,49.4,22,25,88.0,17,31,54.8,125,Phoenix Suns
48,12/25,45,94,47.9,18,26,69.2,17,35,48.6,125,Phoenix Suns
49,12/23,38,87,43.7,15,26,57.7,9,35,25.7,100,Phoenix Suns
50,12/20,41,89,46.1,15,19,78.9,13,32,40.6,110,Phoenix Suns
51,12/19,46,93,49.5,18,24,75.0,20,39,51.3,130,Phoenix Suns
52,12/17,39,83,47.0,25,35,71.4,15,41,36.6,118,Phoenix Suns
53,12/15,44,95,46.3,14,18,77.8,9,32,28.1,111,Phoenix Suns
54,12/13,33,103,32.0,18,19,94.7,13,51,25.5,97,Phoenix Suns
55,12/11,49,105,46.7,13,17,76.5,13,38,34.2,124,Phoenix Suns
56,12/9,43,86,50.0,9,13,69.2,22,44,50.0,117,Phoenix Suns
57,12/7,37,93,39.8,16,19,84.2,8,32,25.0,98,Phoenix Suns
58,12/5,40,91,44.0,18,26,69.2,13,37,35.1,111,Phoenix Suns
59,12/4,49,94,52.1,16,20,80.0,19,37,51.4,133,Phoenix Suns
60,12/2,45,85,52.9,14,19,73.7,17,37,45.9,121,Phoenix Suns
61,11/30,49,93,52.7,19,21,90.5,15,33,45.5,132,Phoenix Suns
62,11/28,50,94,53.2,12,14,85.7,10,32,31.3,122,Phoenix Suns
63,11/26,42,92,45.7,23,30,76.7,6,22,27.3,113,Phoenix Suns
64,11/25,42,87,48.3,17,26,65.4,7,29,24.1,108,Phoenix Suns
65,11/22,48,102,47.1,3,5,60.0,16,34,47.1,115,Phoenix Suns
66,11/20,43,101,42.6,13,18,72.2,17,39,43.6,116,Phoenix Suns
67,11/18,49,94,52.1,26,28,92.9,9,30,30.0,133,Phoenix Suns
68,11/16,44,86,51.2,21,25,84.0,21,40,52.5,130,Phoenix Suns
69,11/14,48,99,48.5,2,4,50.0,14,36,38.9,112,Phoenix Suns
70,11/11,38,95,40.0,8,9,88.9,13,42,31.0,97,Phoenix Suns
71,11/9,47,97,48.5,19,20,95.0,16,35,45.7,129,Phoenix Suns
72,11/7,32,73,43.8,18,22,81.8,6,19,31.6,88,Phoenix Suns
73,11/5,35,82,42.7,21,28,75.0,11,30,36.7,102,Phoenix Suns
74,11/4,36,83,43.4,20,21,95.2,14,34,41.2,106,Phoenix Suns
75,11/1,41,89,46.1,17,22,77.3,17,43,39.5,116,Phoenix Suns
76,10/30,45,84,53.6,22,30,73.3,12,40,30.0,124,Phoenix Suns
77,10/28,48,92,52.2,18,20,90.0,10,33,30.3,124,Phoenix Suns
78,10/25,47,92,51.1,28,34,82.4,12,29,41.4,134,Phoenix Suns
79,10/23,43,93,46.2,11,12,91.7,15,42,35.7,112,Phoenix Suns
80,10/21,43,94,45.7,15,21,71.4,10,27,37.0,111,Phoenix Suns
81,10/19,40,85,47.1,19,22,86.4,8,22,36.4,107,Phoenix Suns
0,4/9,49,100,49.0,16,24,66.7,5,23,21.7,119,LA Clippers
1,4/8,49,93,52.7,26,30,86.7,12,35,34.3,136,LA Clippers
2,4/5,43,82,52.4,23,27,85.2,16,36,44.4,125,LA Clippers
3,4/1,42,85,49.4,19,23,82.6,11,29,37.9,114,LA Clippers
4,3/31,34,90,37.8,15,18,83.3,11,35,31.4,94,LA Clippers
5,3/29,48,78,61.5,23,31,74.2,22,37,59.5,141,LA Clippers
6,3/27,48,81,59.3,8,16,50.0,20,40,50.0,124,LA Clippers
7,3/25,39,75,52.0,17,21,81.0,15,33,45.5,110,LA Clippers
8,3/23,47,84,56.0,15,20,75.0,18,37,48.6,127,LA Clippers
9,3/21,41,86,47.7,12,21,57.1,6,31,19.4,100,LA Clippers
10,3/19,43,94,45.7,19,23,82.6,12,28,42.9,117,LA Clippers
11,3/18,42,90,46.7,18,24,75.0,6,22,27.3,108,LA Clippers
12,3/15,46,96,47.9,26,32,81.3,16,34,47.1,134,LA Clippers
13,3/11,42,87,48.3,12,16,75.0,10,30,33.3,106,LA Clippers
14,3/8,39,71,54.9,24,31,77.4,6,20,30.0,108,LA Clippers
15,3/5,45,85,52.9,33,35,94.3,12,29,41.4,135,LA Clippers
16,3/3,47,87,54.0,19,27,70.4,14,41,34.1,127,LA Clippers
17,3/2,32,89,36.0,18,21,85.7,9,43,20.9,91,LA Clippers
18,2/28,35,83,42.2,20,23,87.0,11,28,39.3,101,LA Clippers
19,2/26,44,90,48.9,25,30,83.3,11,34,32.4,124,LA Clippers
20,2/24,59,98,60.2,31,36,86.1,26,45,57.8,175,LA Clippers
21,2/16,40,82,48.8,25,27,92.6,11,34,32.4,116,LA Clippers
22,2/14,49,92,53.3,19,22,86.4,17,36,47.2,134,LA Clippers
23,2/10,42,85,49.4,11,14,78.6,11,33,33.3,106,LA Clippers
24,2/8,38,86,44.2,16,21,76.2,12,33,36.4,104,LA Clippers
25,2/6,44,92,47.8,24,30,80.0,12,30,40.0,124,LA Clippers
26,2/4,44,92,47.8,30,35,85.7,16,37,43.2,134,LA Clippers
27,2/2,39,95,41.1,14,20,70.0,13,36,36.1,105,LA Clippers
28,1/31,37,93,39.8,22,26,84.6,12,44,27.3,108,LA Clippers
29,1/29,37,89,41.6,23,27,85.2,2,19,10.5,99,LA Clippers
30,1/28,42,80,52.5,17,19,89.5,19,39,48.7,120,LA Clippers
31,1/26,52,89,58.4,16,21,76.2,18,38,47.4,138,LA Clippers
32,1/24,51,84,60.7,12,15,80.0,19,38,50.0,133,LA Clippers
33,1/22,35,77,45.5,30,31,96.8,12,28,42.9,112,LA Clippers
34,1/20,51,81,63.0,14,20,70.0,15,28,53.6,131,LA Clippers
35,1/18,37,92,40.2,14,21,66.7,15,34,44.1,103,LA Clippers
36,1/17,41,82,50.0,16,20,80.0,12,34,35.3,110,LA Clippers
37,1/15,46,88,52.3,15,21,71.4,14,32,43.8,121,LA Clippers
38,1/13,41,87,47.1,11,14,78.6,10,29,34.5,103,LA Clippers
39,1/10,39,86,45.3,23,30,76.7,12,31,38.7,113,LA Clippers
40,1/8,37,95,38.9,24,31,77.4,10,30,33.3,108,LA Clippers
41,1/6,44,100,44.0,18,27,66.7,9,25,36.0,115,LA Clippers
42,1/5,34,91,37.4,18,25,72.0,5,37,13.5,91,LA Clippers
43,1/2,29,67,43.3,30,34,88.2,12,29,41.4,100,LA Clippers
44,12/31,43,80,53.8,28,29,96.6,16,34,47.1,130,LA Clippers
45,12/29,43,89,48.3,9,14,64.3,15,39,38.5,110,LA Clippers
46,12/27,45,93,48.4,19,23,82.6,15,38,39.5,124,LA Clippers
47,12/26,49,91,53.8,25,29,86.2,19,44,43.2,142,LA Clippers
48,12/23,41,81,50.6,18,23,78.3,14,38,36.8,114,LA Clippers
49,12/21,41,81,50.6,21,23,91.3,23,49,46.9,126,LA Clippers
50,12/17,37,86,43.0,16,26,61.5,12,29,41.4,102,LA Clippers
51,12/15,34,90,37.8,15,21,71.4,12,33,36.4,95,LA Clippers
52,12/14,34,89,38.2,17,21,81.0,14,46,30.4,99,LA Clippers
53,12/12,44,90,48.9,15,21,71.4,10,25,40.0,113,LA Clippers
54,12/10,40,94,42.6,15,16,93.8,19,48,39.6,114,LA Clippers
55,12/8,37,80,46.3,19,21,90.5,17,36,47.2,110,LA Clippers
56,12/7,39,95,41.1,18,26,69.2,15,41,36.6,111,LA Clippers
57,12/5,45,93,48.4,14,21,66.7,15,36,41.7,119,LA Clippers
58,12/3,33,93,35.5,21,26,80.8,9,33,27.3,96,LA Clippers
59,11/30,37,93,39.8,28,36,77.8,10,30,33.3,112,LA Clippers
60,11/29,41,89,46.1,23,28,82.1,13,31,41.9,118,LA Clippers
61,11/27,42,94,44.7,24,32,75.0,6,32,18.8,114,LA Clippers
62,11/25,37,68,54.4,19,34,55.9,11,22,50.0,104,LA Clippers
63,11/23,39,86,45.3,18,27,66.7,11,29,37.9,107,LA Clippers
64,11/21,47,91,51.6,18,19,94.7,9,24,37.5,121,LA Clippers
65,11/19,44,81,54.3,10,19,52.6,21,40,52.5,119,LA Clippers
66,11/17,33,81,40.7,19,24,79.2,11,30,36.7,96,LA Clippers
67,11/15,34,64,53.1,21,26,80.8,12,28,42.9,101,LA Clippers
68,11/14,41,81,50.6,26,33,78.8,14,38,36.8,122,LA Clippers
69,11/12,34,85,40.0,16,20,80.0,11,31,35.5,95,LA Clippers
70,11/9,41,81,50.6,20,26,76.9,12,33,36.4,114,LA Clippers
71,11/7,40,79,50.6,22,28,78.6,17,38,44.7,119,LA Clippers
72,11/6,43,87,49.4,8,13,61.5,8,33,24.2,102,LA Clippers
73,11/4,42,80,52.5,14,19,73.7,15,33,45.5,113,LA Clippers
74,11/2,41,84,48.8,15,19,78.9,12,33,36.4,109,LA Clippers
75,10/31,37,87,42.5,12,17,70.6,9,36,25.0,95,LA Clippers
76,10/30,36,86,41.9,8,13,61.5,11,39,28.2,91,LA Clippers
77,10/27,44,82,53.7,13,18,72.2,9,28,32.1,110,LA Clippers
78,10/25,35,83,42.2,14,18,77.8,10,31,32.3,94,LA Clippers
79,10/23,36,82,43.9,14,20,70.0,9,32,28.1,95,LA Clippers
80,10/22,41,81,50.6,20,22,90.9,9,22,40.9,111,LA Clippers
81,10/20,37,80,46.3,20,31,64.5,9,29,31.0,103,LA Clippers
0,4/9,58,96,60.4,14,16,87.5,27,49,55.1,157,Golden State Warriors
1,4/7,41,78,52.6,21,24,87.5,16,36,44.4,119,Golden State Warriors
2,4/4,47,95,49.5,22,30,73.3,20,47,42.6,136,Golden State Warriors
3,4/2,42,105,40.0,17,17,100.0,9,42,21.4,110,Golden State Warriors
4,3/31,47,93,50.5,15,21,71.4,21,49,42.9,130,Golden State Warriors
5,3/28,43,82,52.4,16,22,72.7,18,40,45.0,120,Golden State Warriors
6,3/26,34,82,41.5,13,17,76.5,15,40,37.5,96,Golden State Warriors
7,3/24,42,88,47.7,18,24,75.0,18,50,36.0,120,Golden State Warriors
8,3/22,50,90,55.6,15,18,83.3,12,39,30.8,127,Golden State Warriors
9,3/20,44,88,50.0,16,19,84.2,17,48,35.4,121,Golden State Warriors
10,3/18,39,91,42.9,28,34,82.4,13,35,37.1,119,Golden State Warriors
11,3/17,47,98,48.0,14,20,70.0,11,40,27.5,119,Golden State Warriors
12,3/15,49,88,55.7,11,15,73.3,17,36,47.2,126,Golden State Warriors
13,3/13,45,83,54.2,14,24,58.3,19,39,48.7,123,Golden State Warriors
14,3/11,46,112,41.1,10,11,90.9,23,55,41.8,125,Golden State Warriors
15,3/9,36,82,43.9,23,24,95.8,15,45,33.3,110,Golden State Warriors
16,3/7,47,89,52.8,14,16,87.5,20,51,39.2,128,Golden State Warriors
17,3/5,36,91,39.6,15,18,83.3,18,52,34.6,105,Golden State Warriors
18,3/3,40,78,51.3,18,20,90.0,10,31,32.3,108,Golden State Warriors
19,3/2,39,93,41.9,23,27,85.2,14,46,30.4,115,Golden State Warriors
20,2/28,49,91,53.8,13,16,81.3,12,30,40.0,123,Golden State Warriors
21,2/26,39,91,42.9,16,22,72.7,15,42,35.7,109,Golden State Warriors
22,2/24,37,78,47.4,16,18,88.9,26,54,48.1,116,Golden State Warriors
23,2/23,40,105,38.1,17,21,81.0,14,49,28.6,111,Golden State Warriors
24,2/14,45,83,54.2,19,27,70.4,15,34,44.1,124,Golden State Warriors
25,2/13,52,89,58.4,11,15,73.3,20,40,50.0,135,Golden State Warriors
26,2/11,40,96,41.7,11,12,91.7,12,44,27.3,103,Golden State Warriors
27,2/8,46,97,47.4,9,10,90.0,21,49,42.9,122,Golden State Warriors
28,2/6,56,97,57.7,3,7,42.9,26,50,52.0,141,Golden State Warriors
29,2/4,45,82,54.9,15,19,78.9,14,35,40.0,119,Golden State Warriors
30,2/2,43,85,50.6,12,19,63.2,19,38,50.0,117,Golden State Warriors
31,2/1,38,91,41.8,27,34,79.4,11,35,31.4,114,Golden State Warriors
32,1/30,46,90,51.1,16,20,80.0,20,47,42.6,128,Golden State Warriors
33,1/27,50,90,55.6,11,15,73.3,18,43,41.9,129,Golden State Warriors
34,1/25,43,85,50.6,22,28,78.6,14,32,43.8,122,Golden State Warriors
35,1/22,41,90,45.6,21,27,77.8,13,32,40.6,116,Golden State Warriors
36,1/20,42,86,48.8,13,19,68.4,23,43,53.5,120,Golden State Warriors
37,1/19,40,100,40.0,20,23,87.0,18,52,34.6,118,Golden State Warriors
38,1/16,45,91,49.5,19,21,90.5,18,44,40.9,127,Golden State Warriors
39,1/15,41,83,49.4,15,22,68.2,21,51,41.2,118,Golden State Warriors
40,1/13,55,101,54.5,16,20,80.0,18,48,37.5,144,Golden State Warriors
41,1/10,37,96,38.5,21,27,77.8,18,48,37.5,113,Golden State Warriors
42,1/7,33,88,37.5,17,21,81.0,18,58,31.0,101,Golden State Warriors
43,1/4,45,87,51.7,14,15,93.3,15,40,37.5,119,Golden State Warriors
44,1/2,54,121,44.6,16,24,66.7,19,59,32.2,143,Golden State Warriors
45,12/30,42,91,46.2,17,21,81.0,17,43,39.5,118,Golden State Warriors
46,12/28,37,87,42.5,22,27,81.5,16,45,35.6,112,Golden State Warriors
47,12/27,41,95,43.2,20,24,83.3,8,37,21.6,110,Golden State Warriors
48,12/25,43,91,47.3,19,26,73.1,18,44,40.9,123,Golden State Warriors
49,12/21,41,83,49.4,19,25,76.0,12,33,36.4,113,Golden State Warriors
50,12/20,35,74,47.3,12,13,92.3,12,35,34.3,94,Golden State Warriors
51,12/18,43,81,53.1,22,26,84.6,18,39,46.2,126,Golden State Warriors
52,12/16,39,94,41.5,11,13,84.6,17,43,39.5,106,Golden State Warriors
53,12/14,40,86,46.5,25,29,86.2,14,33,42.4,119,Golden State Warriors
54,12/13,38,95,40.0,15,19,78.9,20,50,40.0,111,Golden State Warriors
55,12/10,47,92,51.1,16,20,80.0,13,39,33.3,123,Golden State Warriors
56,12/7,45,98,45.9,19,25,76.0,14,42,33.3,123,Golden State Warriors
57,12/5,38,94,40.4,15,19,78.9,13,44,29.5,104,Golden State Warriors
58,12/3,45,85,52.9,5,10,50.0,25,52,48.1,120,Golden State Warriors
59,12/2,42,87,48.3,15,23,65.2,20,50,40.0,119,Golden State Warriors
60,11/29,42,88,47.7,18,23,78.3,11,43,25.6,113,Golden State Warriors
61,11/27,50,87,57.5,17,20,85.0,20,47,42.6,137,Golden State Warriors
62,11/25,52,101,51.5,5,6,83.3,20,45,44.4,129,Golden State Warriors
63,11/23,48,97,49.5,9,13,69.2,19,51,37.3,124,Golden State Warriors
64,11/21,28,74,37.8,17,19,89.5,10,43,23.3,83,Golden State Warriors
65,11/20,46,86,53.5,11,15,73.3,24,47,51.1,127,Golden State Warriors
66,11/18,41,91,45.1,11,20,55.0,18,50,36.0,111,Golden State Warriors
67,11/16,42,92,45.7,17,17,100.0,18,42,42.9,119,Golden State Warriors
68,11/14,47,88,53.4,15,16,93.8,23,45,51.1,132,Golden State Warriors
69,11/13,42,90,46.7,15,16,93.8,16,47,34.0,115,Golden State Warriors
70,11/11,40,82,48.8,11,14,78.6,15,36,41.7,106,Golden State Warriors
71,11/7,44,88,50.0,14,21,66.7,14,38,36.8,116,Golden State Warriors
72,11/4,35,71,49.3,23,25,92.0,12,32,37.5,105,Golden State Warriors
73,11/3,50,97,51.5,10,15,66.7,19,43,44.2,129,Golden State Warriors
74,11/1,39,84,46.4,13,17,76.5,18,49,36.7,109,Golden State Warriors
75,10/30,39,92,42.4,24,25,96.0,12,39,30.8,114,Golden State Warriors
76,10/29,44,100,44.0,12,16,75.0,13,44,29.5,113,Golden State Warriors
77,10/27,46,92,50.0,13,15,86.7,18,46,39.1,123,Golden State Warriors
78,10/25,41,91,45.1,13,17,76.5,10,35,28.6,105,Golden State Warriors
79,10/23,45,87,51.7,26,36,72.2,14,33,42.4,130,Golden State Warriors
80,10/21,42,88,47.7,24,27,88.9,15,44,34.1,123,Golden State Warriors
81,10/18,45,99,45.5,17,23,73.9,16,45,35.6,123,Golden State Warriors
0,4/9,47,97,48.5,16,21,76.2,18,45,40.0,128,Los Angeles Lakers
1,4/7,45,92,48.9,13,17,76.5,18,36,50.0,121,Los Angeles Lakers
2,4/5,45,89,50.6,16,24,66.7,12,29,41.4,118,Los Angeles Lakers
3,4/4,48,96,50.0,27,35,77.1,12,34,35.3,135,Los Angeles Lakers
4,4/2,52,93,55.9,21,28,75.0,9,30,30.0,134,Los Angeles Lakers
5,3/31,45,90,50.0,24,30,80.0,9,22,40.9,123,Los Angeles Lakers
6,3/29,45,86,52.3,24,30,80.0,7,20,35.0,121,Los Angeles Lakers
7,3/26,38,75,50.7,19,28,67.9,13,36,36.1,108,Los Angeles Lakers
8,3/24,42,91,46.2,20,28,71.4,12,34,35.3,116,Los Angeles Lakers
9,3/22,39,70,55.7,36,46,78.3,8,17,47.1,122,Los Angeles Lakers
10,3/19,36,78,46.2,26,32,81.3,13,32,40.6,111,Los Angeles Lakers
11,3/17,43,84,51.2,19,31,61.3,5,20,25.0,110,Los Angeles Lakers
12,3/15,34,90,37.8,31,37,83.8,11,44,25.0,110,Los Angeles Lakers
13,3/14,40,82,48.8,25,28,89.3,18,39,46.2,123,Los Angeles Lakers
14,3/12,43,89,48.3,10,17,58.8,12,36,33.3,108,Los Angeles Lakers
15,3/10,45,80,56.3,19,19,100.0,13,30,43.3,122,Los Angeles Lakers
16,3/7,41,90,45.6,23,29,79.3,7,28,25.0,112,Los Angeles Lakers
17,3/5,42,95,44.2,18,22,81.8,11,33,33.3,113,Los Angeles Lakers
18,3/3,36,87,41.4,20,24,83.3,10,31,32.3,102,Los Angeles Lakers
19,3/1,38,80,47.5,31,39,79.5,16,35,45.7,123,Los Angeles Lakers
20,2/28,38,86,44.2,20,23,87.0,13,34,38.2,109,Los Angeles Lakers
21,2/26,42,97,43.3,21,28,75.0,6,34,17.6,111,Los Angeles Lakers
22,2/23,42,86,48.8,24,34,70.6,16,30,53.3,124,Los Angeles Lakers
23,2/15,44,83,53.0,22,36,61.1,10,37,27.0,120,Los Angeles Lakers
24,2/13,42,95,44.2,19,21,90.5,12,37,32.4,115,Los Angeles Lakers
25,2/11,40,89,44.9,21,26,80.8,8,25,32.0,109,Los Angeles Lakers
26,2/9,42,89,47.2,15,21,71.4,7,18,38.9,106,Los Angeles Lakers
27,2/7,49,85,57.6,18,26,69.2,14,31,45.2,130,Los Angeles Lakers
28,2/4,45,94,47.9,25,33,75.8,11,32,34.4,126,Los Angeles Lakers
29,2/2,42,92,45.7,22,31,71.0,6,22,27.3,112,Los Angeles Lakers
30,1/31,48,93,51.6,22,31,71.0,11,33,33.3,129,Los Angeles Lakers
31,1/30,35,89,39.3,23,37,62.2,11,29,37.9,104,Los Angeles Lakers
32,1/28,47,105,44.8,15,20,75.0,12,42,28.6,121,Los Angeles Lakers
33,1/25,40,90,44.4,23,30,76.7,10,33,30.3,113,Los Angeles Lakers
34,1/24,42,95,44.2,15,24,62.5,16,40,40.0,115,Los Angeles Lakers
35,1/22,45,86,52.3,21,27,77.8,10,30,33.3,121,Los Angeles Lakers
36,1/20,38,93,40.9,33,41,80.5,13,41,31.7,122,Los Angeles Lakers
37,1/18,43,89,48.3,14,18,77.8,11,34,32.4,111,Los Angeles Lakers
38,1/16,49,91,53.8,30,35,85.7,12,33,36.4,140,Los Angeles Lakers
39,1/15,48,87,55.2,10,13,76.9,6,20,30.0,112,Los Angeles Lakers
40,1/12,44,112,39.3,17,27,63.0,10,41,24.4,115,Los Angeles Lakers
41,1/9,41,93,44.1,19,25,76.0,8,28,28.6,109,Los Angeles Lakers
42,1/7,50,82,61.0,27,33,81.8,9,21,42.9,136,Los Angeles Lakers
43,1/6,51,93,54.8,12,16,75.0,16,35,45.7,130,Los Angeles Lakers
44,1/4,40,81,49.4,24,30,80.0,8,27,29.6,112,Los Angeles Lakers
45,1/2,45,93,48.4,21,30,70.0,10,30,33.3,121,Los Angeles Lakers
46,12/30,52,96,54.2,16,18,88.9,10,32,31.3,130,Los Angeles Lakers
47,12/28,37,77,48.1,11,15,73.3,13,36,36.1,98,Los Angeles Lakers
48,12/27,49,90,54.4,14,17,82.4,17,43,39.5,129,Los Angeles Lakers
49,12/25,39,80,48.8,28,32,87.5,9,28,32.1,115,Los Angeles Lakers
50,12/23,48,92,52.2,15,22,68.2,19,44,43.2,130,Los Angeles Lakers
51,12/21,42,84,50.0,25,30,83.3,11,24,45.8,120,Los Angeles Lakers
52,12/19,39,87,44.8,14,17,82.4,12,28,42.9,104,Los Angeles Lakers
53,12/18,46,92,50.0,16,22,72.7,11,27,40.7,119,Los Angeles Lakers
54,12/16,48,91,52.7,18,24,75.0,12,33,36.4,126,Los Angeles Lakers
55,12/13,44,93,47.3,22,30,73.3,8,29,27.6,118,Los Angeles Lakers
56,12/11,46,84,54.8,21,27,77.8,11,26,42.3,124,Los Angeles Lakers
57,12/9,44,88,50.0,23,30,76.7,11,31,35.5,122,Los Angeles Lakers
58,12/7,37,87,42.5,32,35,91.4,7,33,21.2,113,Los Angeles Lakers
59,12/6,38,89,42.7,20,24,83.3,6,36,16.7,102,Los Angeles Lakers
60,12/4,52,96,54.2,16,22,72.7,10,26,38.5,130,Los Angeles Lakers
61,12/2,52,97,53.6,18,24,75.0,11,26,42.3,133,Los Angeles Lakers
62,11/30,48,97,49.5,18,26,69.2,14,37,37.8,128,Los Angeles Lakers
63,11/28,40,93,43.0,24,31,77.4,11,31,35.5,115,Los Angeles Lakers
64,11/26,47,81,58.0,32,37,86.5,17,33,51.5,143,Los Angeles Lakers
65,11/25,40,83,48.2,17,20,85.0,8,27,29.6,105,Los Angeles Lakers
66,11/22,36,85,42.4,29,35,82.9,4,22,18.2,105,Los Angeles Lakers
67,11/20,45,85,52.9,21,24,87.5,12,34,35.3,123,Los Angeles Lakers
68,11/18,43,78,55.1,35,40,87.5,7,20,35.0,128,Los Angeles Lakers
69,11/13,44,91,48.4,17,20,85.0,11,27,40.7,116,Los Angeles Lakers
70,11/11,42,88,47.7,20,26,76.9,10,25,40.0,114,Los Angeles Lakers
71,11/9,40,88,45.5,11,17,64.7,10,32,31.3,101,Los Angeles Lakers
72,11/7,40,82,48.8,27,30,90.0,9,24,37.5,116,Los Angeles Lakers
73,11/6,40,87,46.0,12,21,57.1,8,27,29.6,100,Los Angeles Lakers
74,11/4,40,83,48.2,25,28,89.3,11,26,42.3,116,Los Angeles Lakers
75,11/2,45,98,45.9,20,23,87.0,10,36,27.8,120,Los Angeles Lakers
76,10/30,46,96,47.9,16,20,80.0,13,30,43.3,121,Los Angeles Lakers
77,10/28,37,89,41.6,19,27,70.4,9,29,31.0,102,Los Angeles Lakers
78,10/26,40,90,44.4,11,16,68.8,8,30,26.7,99,Los Angeles Lakers
79,10/23,41,92,44.6,16,20,80.0,6,33,18.2,104,Los Angeles Lakers
80,10/20,33,94,35.1,22,26,84.6,9,45,20.0,97,Los Angeles Lakers
81,10/18,40,94,42.6,19,25,76.0,10,40,25.0,109,Los Angeles Lakers
0,4/9,39,82,47.6,22,31,71.0,13,36,36.1,113,Minnesota Timberwolves
1,4/8,56,101,55.4,15,21,71.4,24,43,55.8,151,Minnesota Timberwolves
2,4/4,41,85,48.2,17,22,77.3,8,24,33.3,107,Minnesota Timberwolves
3,4/2,38,79,48.1,18,23,78.3,11,26,42.3,105,Minnesota Timberwolves
4,3/31,41,95,43.2,16,19,84.2,13,39,33.3,111,Minnesota Timberwolves
5,3/29,40,90,44.4,8,12,66.7,12,35,34.3,100,Minnesota Timberwolves
6,3/27,44,86,51.2,22,34,64.7,9,24,37.5,119,Minnesota Timberwolves
7,3/26,34,80,42.5,14,25,56.0,17,40,42.5,99,Minnesota Timberwolves
8,3/22,45,92,48.9,24,29,82.8,11,26,42.3,125,Minnesota Timberwolves
9,3/20,51,83,61.4,24,32,75.0,14,24,58.3,140,Minnesota Timberwolves
10,3/18,39,85,45.9,24,28,85.7,5,23,21.7,107,Minnesota Timberwolves
11,3/17,46,100,46.0,21,31,67.7,18,42,42.9,131,Minnesota Timberwolves
12,3/15,37,84,44.0,16,22,72.7,12,36,33.3,102,Minnesota Timberwolves
13,3/13,54,92,58.7,16,23,69.6,12,28,42.9,136,Minnesota Timberwolves
14,3/10,48,98,49.0,18,29,62.1,9,30,30.0,123,Minnesota Timberwolves
15,3/7,34,86,39.5,15,21,71.4,11,36,30.6,94,Minnesota Timberwolves
16,3/4,48,80,60.0,22,31,71.0,20,39,51.3,138,Minnesota Timberwolves
17,3/3,42,89,47.2,12,16,75.0,14,34,41.2,110,Minnesota Timberwolves
18,2/28,43,90,47.8,13,22,59.1,9,26,34.6,108,Minnesota Timberwolves
19,2/26,38,90,42.2,11,21,52.4,17,45,37.8,104,Minnesota Timberwolves
20,2/24,46,93,49.5,10,16,62.5,11,33,33.3,113,Minnesota Timberwolves
21,2/16,39,95,41.1,20,22,90.9,8,29,27.6,106,Minnesota Timberwolves
22,2/13,48,83,57.8,19,26,73.1,9,29,31.0,124,Minnesota Timberwolves
23,2/10,41,88,46.6,10,12,83.3,15,37,40.5,107,Minnesota Timberwolves
24,2/8,56,98,57.1,8,8,100.0,23,43,53.5,143,Minnesota Timberwolves
25,2/7,40,85,47.1,22,26,84.6,10,35,28.6,112,Minnesota Timberwolves
26,2/5,48,87,55.2,22,30,73.3,10,27,37.0,128,Minnesota Timberwolves
27,2/3,40,87,46.0,24,28,85.7,16,44,36.4,120,Minnesota Timberwolves
28,2/1,46,106,43.4,13,24,54.2,14,50,28.0,119,Minnesota Timberwolves
29,1/30,43,92,46.7,13,25,52.0,12,39,30.8,111,Minnesota Timberwolves
30,1/28,42,80,52.5,16,21,76.2,17,37,45.9,117,Minnesota Timberwolves
31,1/27,44,86,51.2,10,15,66.7,13,35,37.1,111,Minnesota Timberwolves
32,1/25,40,82,48.8,20,28,71.4,11,29,37.9,111,Minnesota Timberwolves
33,1/23,41,91,45.1,16,22,72.7,16,42,38.1,114,Minnesota Timberwolves
34,1/21,38,83,45.8,20,24,83.3,17,41,41.5,113,Minnesota Timberwolves
35,1/19,45,89,50.6,21,23,91.3,17,40,42.5,128,Minnesota Timberwolves
36,1/18,42,81,51.9,22,28,78.6,12,32,37.5,118,Minnesota Timberwolves
37,1/16,46,101,45.5,15,18,83.3,18,41,43.9,125,Minnesota Timberwolves
38,1/14,45,80,56.3,11,15,73.3,9,28,32.1,110,Minnesota Timberwolves
39,1/13,47,90,52.2,17,20,85.0,10,28,35.7,121,Minnesota Timberwolves
40,1/11,43,88,48.9,16,21,76.2,16,33,48.5,118,Minnesota Timberwolves
41,1/8,38,80,47.5,18,22,81.8,10,28,35.7,104,Minnesota Timberwolves
42,1/6,46,81,56.8,23,29,79.3,13,35,37.1,128,Minnesota Timberwolves
43,1/4,39,76,51.3,26,36,72.2,9,24,37.5,113,Minnesota Timberwolves
44,1/2,45,87,51.7,21,27,77.8,13,36,36.1,124,Minnesota Timberwolves
45,12/31,36,83,43.4,22,26,84.6,10,34,29.4,104,Minnesota Timberwolves
46,12/30,40,92,43.5,26,34,76.5,8,30,26.7,114,Minnesota Timberwolves
47,12/28,42,83,50.6,24,32,75.0,10,29,34.5,118,Minnesota Timberwolves
48,12/26,43,79,54.4,9,14,64.3,15,34,44.1,110,Minnesota Timberwolves
49,12/23,44,91,48.4,11,15,73.3,10,32,31.3,109,Minnesota Timberwolves
50,12/21,42,85,49.4,7,10,70.0,8,30,26.7,99,Minnesota Timberwolves
51,12/19,42,89,47.2,20,24,83.3,12,31,38.7,116,Minnesota Timberwolves
52,12/18,57,87,65.5,13,16,81.3,23,43,53.5,150,Minnesota Timberwolves
53,12/16,43,87,49.4,14,25,56.0,12,25,48.0,112,Minnesota Timberwolves
54,12/14,31,74,41.9,22,30,73.3,4,22,18.2,88,Minnesota Timberwolves
55,12/12,46,93,49.5,10,19,52.6,10,27,37.0,112,Minnesota Timberwolves
56,12/10,45,83,54.2,18,24,75.0,10,23,43.5,118,Minnesota Timberwolves
57,12/9,42,79,53.2,20,26,76.9,14,35,40.0,118,Minnesota Timberwolves
58,12/7,44,93,47.3,25,27,92.6,8,23,34.8,121,Minnesota Timberwolves
59,12/3,47,89,52.8,24,30,80.0,10,30,33.3,128,Minnesota Timberwolves
60,11/30,41,89,46.1,15,19,78.9,12,39,30.8,109,Minnesota Timberwolves
61,11/28,42,84,50.0,36,42,85.7,7,27,25.9,127,Minnesota Timberwolves
62,11/27,39,88,44.3,22,29,75.9,14,35,40.0,114,Minnesota Timberwolves
63,11/25,41,96,42.7,17,18,94.4,9,41,22.0,108,Minnesota Timberwolves
64,11/23,47,77,61.0,13,17,76.5,8,22,36.4,115,Minnesota Timberwolves
65,11/21,37,85,43.5,17,20,85.0,14,47,29.8,105,Minnesota Timberwolves
66,11/19,40,85,47.1,20,24,83.3,12,36,33.3,112,Minnesota Timberwolves
67,11/16,46,88,52.3,22,28,78.6,12,36,33.3,126,Minnesota Timberwolves
68,11/13,46,82,56.1,25,34,73.5,12,24,50.0,129,Minnesota Timberwolves
69,11/11,37,79,46.8,19,22,86.4,10,30,33.3,103,Minnesota Timberwolves
70,11/9,41,78,52.6,26,32,81.3,9,27,33.3,117,Minnesota Timberwolves
71,11/7,38,81,46.9,20,24,83.3,11,41,26.8,107,Minnesota Timberwolves
72,11/5,49,80,61.3,16,20,80.0,15,33,45.5,129,Minnesota Timberwolves
73,11/4,39,92,42.4,13,17,76.5,11,41,26.8,102,Minnesota Timberwolves
74,11/1,37,87,42.5,20,24,83.3,13,34,38.2,107,Minnesota Timberwolves
75,10/30,40,99,40.4,14,20,70.0,4,29,13.8,98,Minnesota Timberwolves
76,10/28,41,99,41.4,16,24,66.7,13,40,32.5,111,Minnesota Timberwolves
77,10/26,52,80,65.0,10,16,62.5,20,34,58.8,134,Minnesota Timberwolves
78,10/24,38,86,44.2,22,24,91.7,8,31,25.8,106,Minnesota Timberwolves
79,10/23,46,88,52.3,14,22,63.6,10,34,29.4,116,Minnesota Timberwolves
80,10/21,49,107,45.8,17,23,73.9,11,33,33.3,126,Minnesota Timberwolves
81,10/19,39,94,41.5,27,33,81.8,10,38,26.3,115,Minnesota Timberwolves
0,4/9,45,90,50.0,13,16,81.3,12,36,33.3,115,Oklahoma City Thunder
1,4/6,39,97,40.2,21,26,80.8,15,45,33.3,114,Oklahoma City Thunder
2,4/4,44,93,47.3,26,35,74.3,11,32,34.4,125,Oklahoma City Thunder
3,4/2,36,88,40.9,35,41,85.4,11,32,34.4,118,Oklahoma City Thunder
4,3/31,42,88,47.7,29,34,85.3,4,30,13.3,117,Oklahoma City Thunder
5,3/29,39,87,44.8,19,25,76.0,10,29,34.5,107,Oklahoma City Thunder
6,3/28,50,96,52.1,23,29,79.3,11,30,36.7,134,Oklahoma City Thunder
7,3/26,41,94,43.6,24,28,85.7,12,35,34.3,118,Oklahoma City Thunder
8,3/24,40,92,43.5,17,19,89.5,14,36,38.9,111,Oklahoma City Thunder
9,3/23,41,93,44.1,10,11,90.9,13,39,33.3,105,Oklahoma City Thunder
10,3/21,39,93,41.9,13,14,92.9,10,37,27.0,101,Oklahoma City Thunder
11,3/19,42,84,50.0,29,36,80.6,11,28,39.3,124,Oklahoma City Thunder
12,3/16,40,94,42.6,18,20,90.0,13,31,41.9,111,Oklahoma City Thunder
13,3/14,45,99,45.5,20,23,87.0,11,33,33.3,121,Oklahoma City Thunder
14,3/12,36,95,37.9,20,23,87.0,10,39,25.6,102,Oklahoma City Thunder
15,3/11,37,80,46.3,27,32,84.4,9,28,32.1,110,Oklahoma City Thunder
16,3/8,33,88,37.5,20,21,95.2,15,43,34.9,101,Oklahoma City Thunder
17,3/7,50,94,53.2,20,24,83.3,17,37,45.9,137,Oklahoma City Thunder
18,3/5,44,87,50.6,27,33,81.8,14,37,37.8,129,Oklahoma City Thunder
19,3/3,52,104,50.0,9,14,64.3,17,43,39.5,130,Oklahoma City Thunder
20,3/1,44,91,48.4,18,24,75.0,11,40,27.5,117,Oklahoma City Thunder
21,2/28,43,98,43.9,20,24,83.3,11,35,31.4,117,Oklahoma City Thunder
22,2/26,41,86,47.7,17,23,73.9,16,40,40.0,115,Oklahoma City Thunder
23,2/24,41,95,43.2,18,24,75.0,15,38,39.5,115,Oklahoma City Thunder
24,2/23,45,112,40.2,21,27,77.8,8,37,21.6,119,Oklahoma City Thunder
25,2/15,42,87,48.3,40,47,85.1,9,34,26.5,133,Oklahoma City Thunder
26,2/13,38,90,42.2,15,18,83.3,9,33,27.3,100,Oklahoma City Thunder
27,2/10,47,83,56.6,32,35,91.4,12,24,50.0,138,Oklahoma City Thunder
28,2/7,49,94,52.1,18,20,90.0,17,34,50.0,133,Oklahoma City Thunder
29,2/6,44,91,48.4,15,21,71.4,11,32,34.4,114,Oklahoma City Thunder
30,2/4,56,97,57.7,20,23,87.0,21,46,45.7,153,Oklahoma City Thunder
31,2/1,38,103,36.9,18,22,81.8,12,43,27.9,106,Oklahoma City Thunder
32,1/30,46,93,49.5,17,20,85.0,11,24,45.8,120,Oklahoma City Thunder
33,1/27,40,76,52.6,22,25,88.0,10,18,55.6,112,Oklahoma City Thunder
34,1/25,53,102,52.0,11,16,68.8,15,34,44.1,132,Oklahoma City Thunder
35,1/22,40,89,44.9,14,16,87.5,7,26,26.9,101,Oklahoma City Thunder
36,1/20,45,93,48.4,7,11,63.6,16,40,40.0,113,Oklahoma City Thunder
37,1/18,47,93,50.5,16,21,76.2,16,38,42.1,126,Oklahoma City Thunder
38,1/15,40,90,44.4,20,26,76.9,12,31,38.7,112,Oklahoma City Thunder
39,1/13,47,92,51.1,19,22,86.4,11,33,33.3,124,Oklahoma City Thunder
40,1/12,44,86,51.2,31,33,93.9,14,33,42.4,133,Oklahoma City Thunder
41,1/10,44,91,48.4,14,21,66.7,9,35,25.7,111,Oklahoma City Thunder
42,1/8,46,95,48.4,16,20,80.0,12,28,42.9,120,Oklahoma City Thunder
43,1/6,50,98,51.0,10,14,71.4,17,37,45.9,127,Oklahoma City Thunder
44,1/4,36,89,40.4,28,31,90.3,15,37,40.5,115,Oklahoma City Thunder
45,1/3,58,98,59.2,14,22,63.6,20,40,50.0,150,Oklahoma City Thunder
46,12/31,35,92,38.0,14,22,63.6,12,36,33.3,96,Oklahoma City Thunder
47,12/29,42,99,42.4,18,21,85.7,11,36,30.6,113,Oklahoma City Thunder
48,12/27,46,86,53.5,25,31,80.6,13,24,54.2,130,Oklahoma City Thunder
49,12/23,47,102,46.1,18,25,72.0,13,35,37.1,125,Oklahoma City Thunder
50,12/21,36,77,46.8,21,25,84.0,8,24,33.3,101,Oklahoma City Thunder
51,12/19,40,88,45.5,32,37,86.5,11,31,35.5,123,Oklahoma City Thunder
52,12/17,38,92,41.3,20,31,64.5,19,45,42.2,115,Oklahoma City Thunder
53,12/16,41,88,46.6,17,21,81.0,11,37,29.7,110,Oklahoma City Thunder
54,12/14,41,82,50.0,17,23,73.9,9,24,37.5,108,Oklahoma City Thunder
55,12/12,42,88,47.7,20,21,95.2,10,31,32.3,114,Oklahoma City Thunder
56,12/10,38,83,45.8,16,20,80.0,10,29,34.5,102,Oklahoma City Thunder
57,12/7,34,92,37.0,20,23,87.0,14,38,36.8,102,Oklahoma City Thunder
58,12/5,43,95,45.3,23,24,95.8,12,34,35.3,121,Oklahoma City Thunder
59,12/3,48,93,51.6,28,35,80.0,11,26,42.3,135,Oklahoma City Thunder
60,11/30,48,94,51.1,14,21,66.7,9,27,33.3,119,Oklahoma City Thunder
61,11/28,34,92,37.0,21,23,91.3,12,38,31.6,101,Oklahoma City Thunder
62,11/26,38,97,39.2,19,23,82.6,10,44,22.7,105,Oklahoma City Thunder
63,11/25,44,95,46.3,28,32,87.5,7,29,24.1,123,Oklahoma City Thunder
64,11/23,42,97,43.3,24,28,85.7,18,40,45.0,126,Oklahoma City Thunder
65,11/21,43,88,48.9,25,32,78.1,8,24,33.3,119,Oklahoma City Thunder
66,11/18,45,96,46.9,9,11,81.8,11,34,32.4,110,Oklahoma City Thunder
67,11/16,44,81,54.3,17,26,65.4,16,31,51.6,121,Oklahoma City Thunder
68,11/14,47,98,48.0,17,21,81.0,11,30,36.7,122,Oklahoma City Thunder
69,11/13,55,88,62.5,18,20,90.0,17,31,54.8,145,Oklahoma City Thunder
70,11/11,52,93,55.9,13,17,76.5,15,36,41.7,132,Oklahoma City Thunder
71,11/9,50,111,45.0,14,19,73.7,18,45,40.0,132,Oklahoma City Thunder
72,11/7,41,102,40.2,11,17,64.7,10,33,30.3,103,Oklahoma City Thunder
73,11/5,36,84,42.9,10,16,62.5,12,35,34.3,94,Oklahoma City Thunder
74,11/3,45,93,48.4,14,19,73.7,6,29,20.7,110,Oklahoma City Thunder
75,11/1,45,95,47.4,16,20,80.0,10,34,29.4,116,Oklahoma City Thunder
76,10/29,44,89,49.4,24,31,77.4,5,25,20.0,117,Oklahoma City Thunder
77,10/27,47,95,49.5,7,8,87.5,17,38,44.7,118,Oklahoma City Thunder
78,10/25,42,110,38.2,20,25,80.0,4,30,13.3,108,Oklahoma City Thunder
79,10/23,41,94,43.6,15,21,71.4,9,41,22.0,106,Oklahoma City Thunder
80,10/22,42,94,44.7,18,23,78.3,15,38,39.5,117,Oklahoma City Thunder
81,10/19,38,99,38.4,18,22,81.8,14,45,31.1,108,Oklahoma City Thunder
